"tail.number","treatment","microbiome.sample","tumor.volume","days.from.injection","unique.mouse.id","experiment","cage"
"1","Anti-PD1","HONC60-55 v3",13.122,6,"1_Anti-PD-1_HONC-60-55.v3","mimic1",NA
"1","Anti-PD1","HONC60-55 v3",41.876,8,"1_Anti-PD-1_HONC-60-55.v3","mimic1",NA
"1","Anti-PD1","HONC60-55 v3",202.3425,12,"1_Anti-PD-1_HONC-60-55.v3","mimic1",NA
"1","Anti-PD1","HONC60-55 v3",247.572,15,"1_Anti-PD-1_HONC-60-55.v3","mimic1",NA
"1","Anti-PD1","HONC60-55 v3",367.84,18,"1_Anti-PD-1_HONC-60-55.v3","mimic1",NA
"1","Anti-PD1","HONC60-55 v3",440.896,21,"1_Anti-PD-1_HONC-60-55.v3","mimic1",NA
"1","Anti-PD1","HONC60-55 v4",27.3325,6,"1_Anti-PD-1_HONC-60-55.v4","mimic1",NA
"1","Anti-PD1","HONC60-55 v4",5.9565,8,"1_Anti-PD-1_HONC-60-55.v4","mimic1",NA
"1","Anti-PD1","HONC60-55 v4",31.0365,12,"1_Anti-PD-1_HONC-60-55.v4","mimic1",NA
"1","Anti-PD1","HONC60-55 v4",71.1865,15,"1_Anti-PD-1_HONC-60-55.v4","mimic1",NA
"1","Anti-PD1","HONC60-55 v4",0,18,"1_Anti-PD-1_HONC-60-55.v4","mimic1",NA
"1","Anti-PD1","HONC60-55 v4",0,21,"1_Anti-PD-1_HONC-60-55.v4","mimic1",NA
"2","Anti-PD1","HONC60-55 v3",25.047,6,"2_Anti-PD-1_HONC-60-55.v3","mimic1",NA
"2","Anti-PD1","HONC60-55 v3",74.925,8,"2_Anti-PD-1_HONC-60-55.v3","mimic1",NA
"2","Anti-PD1","HONC60-55 v3",55.6875,12,"2_Anti-PD-1_HONC-60-55.v3","mimic1",NA
"2","Anti-PD1","HONC60-55 v3",5.6,15,"2_Anti-PD-1_HONC-60-55.v3","mimic1",NA
"2","Anti-PD1","HONC60-55 v3",4,18,"2_Anti-PD-1_HONC-60-55.v3","mimic1",NA
"2","Anti-PD1","HONC60-55 v3",0,21,"2_Anti-PD-1_HONC-60-55.v3","mimic1",NA
"2","Anti-PD1","HONC60-55 v4",3.078,6,"2_Anti-PD-1_HONC-60-55.v4","mimic1",NA
"2","Anti-PD1","HONC60-55 v4",15.309,8,"2_Anti-PD-1_HONC-60-55.v4","mimic1",NA
"2","Anti-PD1","HONC60-55 v4",0,12,"2_Anti-PD-1_HONC-60-55.v4","mimic1",NA
"2","Anti-PD1","HONC60-55 v4",21.964,15,"2_Anti-PD-1_HONC-60-55.v4","mimic1",NA
"2","Anti-PD1","HONC60-55 v4",103.518,18,"2_Anti-PD-1_HONC-60-55.v4","mimic1",NA
"2","Anti-PD1","HONC60-55 v4",165.528,21,"2_Anti-PD-1_HONC-60-55.v4","mimic1",NA
"3","Anti-PD1","HONC60-55 v3",13.8765,6,"3_Anti-PD-1_HONC-60-55.v3","mimic1",NA
"3","Anti-PD1","HONC60-55 v3",2.376,8,"3_Anti-PD-1_HONC-60-55.v3","mimic1",NA
"3","Anti-PD1","HONC60-55 v3",94.8395,12,"3_Anti-PD-1_HONC-60-55.v3","mimic1",NA
"3","Anti-PD1","HONC60-55 v3",34.344,15,"3_Anti-PD-1_HONC-60-55.v3","mimic1",NA
"3","Anti-PD1","HONC60-55 v3",0,18,"3_Anti-PD-1_HONC-60-55.v3","mimic1",NA
"3","Anti-PD1","HONC60-55 v3",0,21,"3_Anti-PD-1_HONC-60-55.v3","mimic1",NA
"3","Anti-PD1","HONC60-55 v4",30.634,6,"3_Anti-PD-1_HONC-60-55.v4","mimic1",NA
"3","Anti-PD1","HONC60-55 v4",47.628,8,"3_Anti-PD-1_HONC-60-55.v4","mimic1",NA
"3","Anti-PD1","HONC60-55 v4",133.16,12,"3_Anti-PD-1_HONC-60-55.v4","mimic1",NA
"3","Anti-PD1","HONC60-55 v4",62.9565,15,"3_Anti-PD-1_HONC-60-55.v4","mimic1",NA
"3","Anti-PD1","HONC60-55 v4",98.3125,18,"3_Anti-PD-1_HONC-60-55.v4","mimic1",NA
"3","Anti-PD1","HONC60-55 v4",45.387,21,"3_Anti-PD-1_HONC-60-55.v4","mimic1",NA
"4","IgG","HONC60-55 v3",43.218,6,"4_IgG_HONC-60-55.v3","mimic1",NA
"4","IgG","HONC60-55 v3",31.2375,8,"4_IgG_HONC-60-55.v3","mimic1",NA
"4","IgG","HONC60-55 v3",269.5,12,"4_IgG_HONC-60-55.v3","mimic1",NA
"4","IgG","HONC60-55 v3",370.6965,15,"4_IgG_HONC-60-55.v3","mimic1",NA
"4","IgG","HONC60-55 v3",649.221,18,"4_IgG_HONC-60-55.v3","mimic1",NA
"4","IgG","HONC60-55 v3",919.6,21,"4_IgG_HONC-60-55.v3","mimic1",NA
"4","IgG","HONC60-55 v4",21.632,6,"4_IgG_HONC-60-55.v4","mimic1",NA
"4","IgG","HONC60-55 v4",34.656,8,"4_IgG_HONC-60-55.v4","mimic1",NA
"4","IgG","HONC60-55 v4",216,12,"4_IgG_HONC-60-55.v4","mimic1",NA
"4","IgG","HONC60-55 v4",196.608,15,"4_IgG_HONC-60-55.v4","mimic1",NA
"4","IgG","HONC60-55 v4",1149.5,18,"4_IgG_HONC-60-55.v4","mimic1",NA
"4","IgG","HONC60-55 v4",760.4375,21,"4_IgG_HONC-60-55.v4","mimic1",NA
"5","IgG","HONC60-55 v3",0,6,"5_IgG_HONC-60-55.v3","mimic1",NA
"5","IgG","HONC60-55 v3",0,8,"5_IgG_HONC-60-55.v3","mimic1",NA
"5","IgG","HONC60-55 v3",0,12,"5_IgG_HONC-60-55.v3","mimic1",NA
"5","IgG","HONC60-55 v3",0,15,"5_IgG_HONC-60-55.v3","mimic1",NA
"5","IgG","HONC60-55 v3",194.35,18,"5_IgG_HONC-60-55.v3","mimic1",NA
"5","IgG","HONC60-55 v3",296.45,21,"5_IgG_HONC-60-55.v3","mimic1",NA
"5","IgG","HONC60-55 v4",19.0575,6,"5_IgG_HONC-60-55.v4","mimic1",NA
"5","IgG","HONC60-55 v4",21.168,8,"5_IgG_HONC-60-55.v4","mimic1",NA
"5","IgG","HONC60-55 v4",361.25,12,"5_IgG_HONC-60-55.v4","mimic1",NA
"5","IgG","HONC60-55 v4",865.536,15,"5_IgG_HONC-60-55.v4","mimic1",NA
"5","IgG","HONC60-55 v4",1238.8545,18,"5_IgG_HONC-60-55.v4","mimic1",NA
"5","IgG","HONC60-55 v4",1560.6585,21,"5_IgG_HONC-60-55.v4","mimic1",NA
"1","Anti-PD1","Fitness (DL081)",93.775,6,"1_Anti-PD1_Fitness (DL081)","mimic2",NA
"1","Anti-PD1","Fitness (DL081)",99.144,9,"1_Anti-PD1_Fitness (DL081)","mimic2",NA
"1","Anti-PD1","Fitness (DL081)",205.8,12,"1_Anti-PD1_Fitness (DL081)","mimic2",NA
"1","Anti-PD1","Fitness (DL081)",40.8,15,"1_Anti-PD1_Fitness (DL081)","mimic2",NA
"1","Anti-PD1","Fitness (DL081)",58.19,18,"1_Anti-PD1_Fitness (DL081)","mimic2",NA
"1","Anti-PD1","Fitness (DL081)",20.25,21,"1_Anti-PD1_Fitness (DL081)","mimic2",NA
"1","Anti-PD1","Saline",47.9115,6,"1_Anti-PD1_Saline","mimic2",NA
"1","Anti-PD1","Saline",24.674,9,"1_Anti-PD1_Saline","mimic2",NA
"1","Anti-PD1","Saline",14.5945,12,"1_Anti-PD1_Saline","mimic2",NA
"1","Anti-PD1","Saline",0,15,"1_Anti-PD1_Saline","mimic2",NA
"1","Anti-PD1","Saline",0,18,"1_Anti-PD1_Saline","mimic2",NA
"1","Anti-PD1","Saline",0,21,"1_Anti-PD1_Saline","mimic2",NA
"1","IgG","Saline",134.54,6,"1_IgG_Saline","mimic2",NA
"1","IgG","Saline",184.512,9,"1_IgG_Saline","mimic2",NA
"1","IgG","Saline",1720.9175,12,"1_IgG_Saline","mimic2",NA
"1","IgG","Saline",1515.625,15,"1_IgG_Saline","mimic2",NA
"2","Anti-PD1","Saline",133.2,6,"2_Anti-PD1_Saline","mimic2",NA
"2","Anti-PD1","Saline",61.017,9,"2_Anti-PD1_Saline","mimic2",NA
"2","Anti-PD1","Saline",158.4375,12,"2_Anti-PD1_Saline","mimic2",NA
"2","Anti-PD1","Saline",111.925,15,"2_Anti-PD1_Saline","mimic2",NA
"2","Anti-PD1","Saline",0,18,"2_Anti-PD1_Saline","mimic2",NA
"2","Anti-PD1","Saline",0,21,"2_Anti-PD1_Saline","mimic2",NA
"2","IgG","Fitness (DL081)",36.4815,6,"2_IgG_Fitness (DL081)","mimic2",NA
"2","IgG","Fitness (DL081)",221.03,9,"2_IgG_Fitness (DL081)","mimic2",NA
"2","IgG","Fitness (DL081)",446.148,12,"2_IgG_Fitness (DL081)","mimic2",NA
"2","IgG","Fitness (DL081)",816.714,15,"2_IgG_Fitness (DL081)","mimic2",NA
"2","IgG","Saline",43.0155,6,"2_IgG_Saline","mimic2",NA
"2","IgG","Saline",87.2,9,"2_IgG_Saline","mimic2",NA
"2","IgG","Saline",85.731,12,"2_IgG_Saline","mimic2",NA
"2","IgG","Saline",297.675,15,"2_IgG_Saline","mimic2",NA
"2","IgG","Saline",241.664,18,"2_IgG_Saline","mimic2",NA
"2","IgG","Saline",184.493,21,"2_IgG_Saline","mimic2",NA
"3","Anti-PD1","Fitness (DL081)",57.0375,6,"3_Anti-PD1_Fitness (DL081)","mimic2",NA
"3","Anti-PD1","Fitness (DL081)",108.288,9,"3_Anti-PD1_Fitness (DL081)","mimic2",NA
"3","Anti-PD1","Fitness (DL081)",366.458,12,"3_Anti-PD1_Fitness (DL081)","mimic2",NA
"3","Anti-PD1","Fitness (DL081)",230.2625,15,"3_Anti-PD1_Fitness (DL081)","mimic2",NA
"3","Anti-PD1","Fitness (DL081)",200.4345,18,"3_Anti-PD1_Fitness (DL081)","mimic2",NA
"3","Anti-PD1","Fitness (DL081)",151.838,21,"3_Anti-PD1_Fitness (DL081)","mimic2",NA
"3","Anti-PD1","Saline",55.296,6,"3_Anti-PD1_Saline","mimic2",NA
"3","Anti-PD1","Saline",75.6315,9,"3_Anti-PD1_Saline","mimic2",NA
"3","Anti-PD1","Saline",50.625,12,"3_Anti-PD1_Saline","mimic2",NA
"3","Anti-PD1","Saline",115.101,15,"3_Anti-PD1_Saline","mimic2",NA
"3","Anti-PD1","Saline",43.218,18,"3_Anti-PD1_Saline","mimic2",NA
"3","Anti-PD1","Saline",44.982,21,"3_Anti-PD1_Saline","mimic2",NA
"3","IgG","Fitness (DL081)",10.08,6,"3_IgG_Fitness (DL081)","mimic2",NA
"3","IgG","Fitness (DL081)",42.4,9,"3_IgG_Fitness (DL081)","mimic2",NA
"3","IgG","Fitness (DL081)",207.1035,12,"3_IgG_Fitness (DL081)","mimic2",NA
"3","IgG","Fitness (DL081)",307.4965,15,"3_IgG_Fitness (DL081)","mimic2",NA
"3","IgG","Fitness (DL081)",426.3,18,"3_IgG_Fitness (DL081)","mimic2",NA
"3","IgG","Fitness (DL081)",592,20,"3_IgG_Fitness (DL081)","mimic2",NA
"4","Anti-PD1","Fitness (DL081)",5.202,6,"4_Anti-PD1_Fitness (DL081)","mimic2",NA
"4","Anti-PD1","Fitness (DL081)",67.8375,9,"4_Anti-PD1_Fitness (DL081)","mimic2",NA
"4","Anti-PD1","Fitness (DL081)",302.58,12,"4_Anti-PD1_Fitness (DL081)","mimic2",NA
"4","Anti-PD1","Fitness (DL081)",271.95,15,"4_Anti-PD1_Fitness (DL081)","mimic2",NA
"4","Anti-PD1","Fitness (DL081)",423.36,18,"4_Anti-PD1_Fitness (DL081)","mimic2",NA
"4","Anti-PD1","Fitness (DL081)",503.608,21,"4_Anti-PD1_Fitness (DL081)","mimic2",NA
"4","IgG","Fitness (DL081)",68.4285,6,"4_IgG_Fitness (DL081)","mimic2",NA
"4","IgG","Fitness (DL081)",202.176,9,"4_IgG_Fitness (DL081)","mimic2",NA
"4","IgG","Fitness (DL081)",470.596,12,"4_IgG_Fitness (DL081)","mimic2",NA
"4","IgG","Fitness (DL081)",382.2345,15,"4_IgG_Fitness (DL081)","mimic2",NA
"4","IgG","Fitness (DL081)",885.7805,18,"4_IgG_Fitness (DL081)","mimic2",NA
"4","IgG","Fitness (DL081)",1620.896,20,"4_IgG_Fitness (DL081)","mimic2",NA
"4","IgG","Saline",35.64,6,"4_IgG_Saline","mimic2",NA
"4","IgG","Saline",146.072,9,"4_IgG_Saline","mimic2",NA
"4","IgG","Saline",1430.55,12,"4_IgG_Saline","mimic2",NA
"4","IgG","Saline",602.7615,15,"4_IgG_Saline","mimic2",NA
"1","IgG","Fitness:DL017",6.05,4,"1 x 1_IgG_Fitness:DL017","mimic3","1"
"1","IgG","Fitness:DL017",24.5025,6,"1 x 1_IgG_Fitness:DL017","mimic3","1"
"1","IgG","Fitness:DL017",31.046,4,"1 x 2_IgG_Fitness:DL017","mimic3","2"
"1","IgG","Fitness:DL017",18.259,6,"1 x 2_IgG_Fitness:DL017","mimic3","2"
"1","IgG","Fitness:DL017",33.212,9,"1 x 2_IgG_Fitness:DL017","mimic3","2"
"1","IgG","Fitness:DL017",39.69,12,"1 x 2_IgG_Fitness:DL017","mimic3","2"
"1","IgG","Fitness:DL017",53.24,15,"1 x 2_IgG_Fitness:DL017","mimic3","2"
"1","IgG","Fitness:DL017",119.072,18,"1 x 2_IgG_Fitness:DL017","mimic3","2"
"1","IgG","Fitness:DL017",379.456,21,"1 x 2_IgG_Fitness:DL017","mimic3","2"
"1","PD1","Fitness:DL017",19.044,4,"1 x 3_PD1_Fitness:DL017","mimic3","3"
"1","PD1","Fitness:DL017",28.0665,6,"1 x 3_PD1_Fitness:DL017","mimic3","3"
"1","PD1","Fitness:DL017",499.234,15,"1 x 3_PD1_Fitness:DL017","mimic3","3"
"1","PD1","Fitness:DL017",0,4,"1 x 4_PD1_Fitness:DL017","mimic3","4"
"1","PD1","Fitness:DL017",18.9,6,"1 x 4_PD1_Fitness:DL017","mimic3","4"
"2","IgG","Fitness:DL017",17.5,4,"2 x 1_IgG_Fitness:DL017","mimic3","1"
"2","IgG","Fitness:DL017",22.2865,6,"2 x 1_IgG_Fitness:DL017","mimic3","1"
"2","IgG","Fitness:DL017",39.0165,9,"2 x 1_IgG_Fitness:DL017","mimic3","1"
"2","IgG","Fitness:DL017",19.456,12,"2 x 1_IgG_Fitness:DL017","mimic3","1"
"2","IgG","Fitness:DL017",35.301,15,"2 x 1_IgG_Fitness:DL017","mimic3","1"
"2","IgG","Fitness:DL017",43.706,18,"2 x 1_IgG_Fitness:DL017","mimic3","1"
"2","IgG","Fitness:DL017",119.286,21,"2 x 1_IgG_Fitness:DL017","mimic3","1"
"2","IgG","Fitness:DL017",0,4,"2 x 2_IgG_Fitness:DL017","mimic3","2"
"2","IgG","Fitness:DL017",86.528,6,"2 x 2_IgG_Fitness:DL017","mimic3","2"
"2","IgG","Fitness:DL017",52,9,"2 x 2_IgG_Fitness:DL017","mimic3","2"
"2","IgG","Fitness:DL017",88.4835,12,"2 x 2_IgG_Fitness:DL017","mimic3","2"
"2","IgG","Fitness:DL017",126.15,15,"2 x 2_IgG_Fitness:DL017","mimic3","2"
"2","IgG","Fitness:DL017",291.688,18,"2 x 2_IgG_Fitness:DL017","mimic3","2"
"2","IgG","Fitness:DL017",219.539,21,"2 x 2_IgG_Fitness:DL017","mimic3","2"
"2","PD1","Fitness:DL017",24.336,4,"2 x 3_PD1_Fitness:DL017","mimic3","3"
"2","PD1","Fitness:DL017",42.0175,6,"2 x 3_PD1_Fitness:DL017","mimic3","3"
"2","PD1","Fitness:DL017",26.568,9,"2 x 3_PD1_Fitness:DL017","mimic3","3"
"2","PD1","Fitness:DL017",58.725,12,"2 x 3_PD1_Fitness:DL017","mimic3","3"
"2","PD1","Fitness:DL017",75.816,18,"2 x 3_PD1_Fitness:DL017","mimic3","3"
"2","PD1","Fitness:DL017",249.6,21,"2 x 3_PD1_Fitness:DL017","mimic3","3"
"2","PD1","Fitness:DL017",4.1515,4,"2 x 4_PD1_Fitness:DL017","mimic3","4"
"2","PD1","Fitness:DL017",33.792,6,"2 x 4_PD1_Fitness:DL017","mimic3","4"
"3","IgG","Fitness:DL017",43.378,4,"3 x 1_IgG_Fitness:DL017","mimic3","1"
"3","IgG","Fitness:DL017",45.968,6,"3 x 1_IgG_Fitness:DL017","mimic3","1"
"3","IgG","Fitness:DL017",53.6625,9,"3 x 1_IgG_Fitness:DL017","mimic3","1"
"3","IgG","Fitness:DL017",39.2,12,"3 x 1_IgG_Fitness:DL017","mimic3","1"
"3","IgG","Fitness:DL017",77.5,15,"3 x 1_IgG_Fitness:DL017","mimic3","1"
"3","IgG","Fitness:DL017",258.874,18,"3 x 1_IgG_Fitness:DL017","mimic3","1"
"3","IgG","Fitness:DL017",461.041,21,"3 x 1_IgG_Fitness:DL017","mimic3","1"
"3","IgG","Fitness:DL017",16.384,4,"3 x 2_IgG_Fitness:DL017","mimic3","2"
"3","IgG","Fitness:DL017",21.4375,6,"3 x 2_IgG_Fitness:DL017","mimic3","2"
"3","IgG","Fitness:DL017",66.3255,9,"3 x 2_IgG_Fitness:DL017","mimic3","2"
"3","IgG","Fitness:DL017",92.697,12,"3 x 2_IgG_Fitness:DL017","mimic3","2"
"3","IgG","Fitness:DL017",340.186,15,"3 x 2_IgG_Fitness:DL017","mimic3","2"
"3","IgG","Fitness:DL017",606.5275,18,"3 x 2_IgG_Fitness:DL017","mimic3","2"
"3","IgG","Fitness:DL017",702.464,21,"3 x 2_IgG_Fitness:DL017","mimic3","2"
"3","PD1","Fitness:DL017",0,4,"3 x 3_PD1_Fitness:DL017","mimic3","3"
"3","PD1","Fitness:DL017",32.856,6,"3 x 3_PD1_Fitness:DL017","mimic3","3"
"3","PD1","Fitness:DL017",43.218,9,"3 x 3_PD1_Fitness:DL017","mimic3","3"
"3","PD1","Fitness:DL017",84.474,15,"3 x 3_PD1_Fitness:DL017","mimic3","3"
"3","PD1","Fitness:DL017",12.615,4,"3 x 4_PD1_Fitness:DL017","mimic3","4"
"3","PD1","Fitness:DL017",25.088,6,"3 x 4_PD1_Fitness:DL017","mimic3","4"
"3","PD1","Fitness:DL017",42.336,9,"3 x 4_PD1_Fitness:DL017","mimic3","4"
"3","PD1","Fitness:DL017",36.1415,12,"3 x 4_PD1_Fitness:DL017","mimic3","4"
"3","PD1","Fitness:DL017",18.496,15,"3 x 4_PD1_Fitness:DL017","mimic3","4"
"3","PD1","Fitness:DL017",0,18,"3 x 4_PD1_Fitness:DL017","mimic3","4"
"3","PD1","Fitness:DL017",0,21,"3 x 4_PD1_Fitness:DL017","mimic3","4"
"1","PD1","84v3",58.5385,6,"1 x 1_PD1_84v3","mimic4","1"
"1","PD1","84v3",35.3925,9,"1 x 1_PD1_84v3","mimic4","1"
"1","PD1","84v3",17.408,12,"1 x 1_PD1_84v3","mimic4","1"
"1","PD1","84v3",0,15,"1 x 1_PD1_84v3","mimic4","1"
"1","PD1","84v3",0,18,"1 x 1_PD1_84v3","mimic4","1"
"1","PD1","84v3",0,22,"1 x 1_PD1_84v3","mimic4","1"
"1","PD1","84v3",33.934,6,"1 x 2_PD1_84v3","mimic4","2"
"1","PD1","84v3",70.181,9,"1 x 2_PD1_84v3","mimic4","2"
"1","PD1","84v3",106.7935,12,"1 x 2_PD1_84v3","mimic4","2"
"1","PD1","84v3",224.654,15,"1 x 2_PD1_84v3","mimic4","2"
"1","PD1","84v3",369.8975,18,"1 x 2_PD1_84v3","mimic4","2"
"1","PD1","84v3",1202.13,22,"1 x 2_PD1_84v3","mimic4","2"
"1","IgG","84v4",20.23,6,"1 x 3_IgG_84v4","mimic4","3"
"1","IgG","84v4",46.606,9,"1 x 3_IgG_84v4","mimic4","3"
"1","IgG","84v4",176.418,12,"1 x 3_IgG_84v4","mimic4","3"
"1","IgG","84v4",280.9605,15,"1 x 3_IgG_84v4","mimic4","3"
"1","IgG","84v4",1361.613,18,"1 x 3_IgG_84v4","mimic4","3"
"1","IgG","84v4",1247.941,22,"1 x 3_IgG_84v4","mimic4","3"
"1","IgG","84v4",67.76,6,"1 x 4_IgG_84v4","mimic4","4"
"1","IgG","84v4",74.06,9,"1 x 4_IgG_84v4","mimic4","4"
"1","IgG","84v4",153.664,12,"1 x 4_IgG_84v4","mimic4","4"
"1","IgG","84v4",329.0595,15,"1 x 4_IgG_84v4","mimic4","4"
"1","IgG","84v4",880.632,18,"1 x 4_IgG_84v4","mimic4","4"
"1","IgG","84v4",1076.206,22,"1 x 4_IgG_84v4","mimic4","4"
"2","PD1","84v3",29.403,6,"2 x 1_PD1_84v3","mimic4","1"
"2","PD1","84v3",60.236,9,"2 x 1_PD1_84v3","mimic4","1"
"2","PD1","84v3",106.032,12,"2 x 1_PD1_84v3","mimic4","1"
"2","PD1","84v3",204.732,15,"2 x 1_PD1_84v3","mimic4","1"
"2","PD1","84v3",267.894,18,"2 x 1_PD1_84v3","mimic4","1"
"2","PD1","84v3",380.701,19,"2 x 1_PD1_84v3","mimic4","1"
"2","PD1","84v3",11.76,6,"2 x 2_PD1_84v3","mimic4","2"
"2","PD1","84v3",58.631,9,"2 x 2_PD1_84v3","mimic4","2"
"2","PD1","84v3",41.108,12,"2 x 2_PD1_84v3","mimic4","2"
"2","PD1","84v3",92.4995,15,"2 x 2_PD1_84v3","mimic4","2"
"2","PD1","84v3",90.39,18,"2 x 2_PD1_84v3","mimic4","2"
"2","PD1","84v3",332.8,22,"2 x 2_PD1_84v3","mimic4","2"
"2","IgG","84v4",18.7395,6,"2 x 3_IgG_84v4","mimic4","3"
"2","IgG","84v4",75.4435,9,"2 x 3_IgG_84v4","mimic4","3"
"2","IgG","84v4",55.9215,12,"2 x 3_IgG_84v4","mimic4","3"
"2","IgG","84v4",131.648,15,"2 x 3_IgG_84v4","mimic4","3"
"2","IgG","84v4",1064.757,18,"2 x 3_IgG_84v4","mimic4","3"
"2","IgG","84v4",1980.1295,22,"2 x 3_IgG_84v4","mimic4","3"
"2","IgG","84v4",11.2995,6,"2 x 4_IgG_84v4","mimic4","4"
"2","IgG","84v4",50.193,9,"2 x 4_IgG_84v4","mimic4","4"
"2","IgG","84v4",105.3405,12,"2 x 4_IgG_84v4","mimic4","4"
"2","IgG","84v4",202.419,15,"2 x 4_IgG_84v4","mimic4","4"
"2","IgG","84v4",380.8,18,"2 x 4_IgG_84v4","mimic4","4"
"2","IgG","84v4",539.784,22,"2 x 4_IgG_84v4","mimic4","4"
"3","PD1","84v3",0,6,"3 x 1_PD1_84v3","mimic4","1"
"3","PD1","84v3",43.1095,9,"3 x 1_PD1_84v3","mimic4","1"
"3","PD1","84v3",76.464,12,"3 x 1_PD1_84v3","mimic4","1"
"3","PD1","84v3",187.12,15,"3 x 1_PD1_84v3","mimic4","1"
"3","PD1","84v3",300.056,18,"3 x 1_PD1_84v3","mimic4","1"
"3","PD1","84v3",62.5,6,"3 x 2_PD1_84v3","mimic4","2"
"3","PD1","84v3",83.1875,9,"3 x 2_PD1_84v3","mimic4","2"
"3","PD1","84v3",145.7625,12,"3 x 2_PD1_84v3","mimic4","2"
"3","PD1","84v3",255.881,15,"3 x 2_PD1_84v3","mimic4","2"
"3","PD1","84v3",289.1165,18,"3 x 2_PD1_84v3","mimic4","2"
"3","PD1","84v3",617.4,22,"3 x 2_PD1_84v3","mimic4","2"
"3","IgG","84v4",57.7125,6,"3 x 3_IgG_84v4","mimic4","3"
"3","IgG","84v4",55.594,9,"3 x 3_IgG_84v4","mimic4","3"
"3","IgG","84v4",95.7,12,"3 x 3_IgG_84v4","mimic4","3"
"3","IgG","84v4",108.9,15,"3 x 3_IgG_84v4","mimic4","3"
"3","IgG","84v4",196.02,18,"3 x 3_IgG_84v4","mimic4","3"
"3","IgG","84v4",233.428,19,"3 x 3_IgG_84v4","mimic4","3"
"3","IgG","84v4",46.8195,6,"3 x 4_IgG_84v4","mimic4","4"
"3","IgG","84v4",64.512,9,"3 x 4_IgG_84v4","mimic4","4"
"3","IgG","84v4",131.072,12,"3 x 4_IgG_84v4","mimic4","4"
"3","IgG","84v4",275.56,15,"3 x 4_IgG_84v4","mimic4","4"
"3","IgG","84v4",595.35,18,"3 x 4_IgG_84v4","mimic4","4"
"3","IgG","84v4",1428.3,22,"3 x 4_IgG_84v4","mimic4","4"
"1","IgG","102v3",70.688,5,"1 x 1_IgG_102v3","mimic5","1"
"1","IgG","102v3",50.9535,7,"1 x 1_IgG_102v3","mimic5","1"
"1","PD1","102v3",146.068,5,"1 x 2_PD1_102v3","mimic5","2"
"1","PD1","102v3",230.702,7,"1 x 2_PD1_102v3","mimic5","2"
"1","PD1","102v3",204.12,10,"1 x 2_PD1_102v3","mimic5","2"
"1","PD1","102v3",248.292,13,"1 x 2_PD1_102v3","mimic5","2"
"1","PD1","102v3",473.344,16,"1 x 2_PD1_102v3","mimic5","2"
"1","PD1","102v3",712.674,19,"1 x 2_PD1_102v3","mimic5","2"
"1","PD1","102v3",1062.5,22,"1 x 2_PD1_102v3","mimic5","2"
"1","PD1","102v4",52.272,5,"1 x 3_PD1_102v4","mimic5","3"
"1","PD1","102v4",80.0865,7,"1 x 3_PD1_102v4","mimic5","3"
"1","PD1","102v4",203.0625,10,"1 x 3_PD1_102v4","mimic5","3"
"1","PD1","102v4",214.326,13,"1 x 3_PD1_102v4","mimic5","3"
"1","PD1","102v4",420.25,16,"1 x 3_PD1_102v4","mimic5","3"
"1","PD1","102v4",594.075,19,"1 x 3_PD1_102v4","mimic5","3"
"1","PD1","102v4",182.648,22,"1 x 3_PD1_102v4","mimic5","3"
"1","IgG","102v4",53.428,5,"1 x 4_IgG_102v4","mimic5","4"
"1","IgG","102v4",105.3405,7,"1 x 4_IgG_102v4","mimic5","4"
"1","IgG","102v4",108.75,10,"1 x 4_IgG_102v4","mimic5","4"
"1","IgG","102v4",127.253,13,"1 x 4_IgG_102v4","mimic5","4"
"1","IgG","102v4",232.1865,16,"1 x 4_IgG_102v4","mimic5","4"
"1","IgG","102v4",554.47,19,"1 x 4_IgG_102v4","mimic5","4"
"1","IgG","102v4",919.368,22,"1 x 4_IgG_102v4","mimic5","4"
"2","IgG","102v3",13.068,5,"2 x 1_IgG_102v3","mimic5","1"
"2","IgG","102v3",97.336,7,"2 x 1_IgG_102v3","mimic5","1"
"2","IgG","102v3",56.316,10,"2 x 1_IgG_102v3","mimic5","1"
"2","IgG","102v3",117.045,13,"2 x 1_IgG_102v3","mimic5","1"
"2","IgG","102v3",212.992,16,"2 x 1_IgG_102v3","mimic5","1"
"2","IgG","102v3",107.3875,19,"2 x 1_IgG_102v3","mimic5","1"
"2","IgG","102v3",228.15,22,"2 x 1_IgG_102v3","mimic5","1"
"2","PD1","102v3",55.101,5,"2 x 2_PD1_102v3","mimic5","2"
"2","PD1","102v3",73.856,7,"2 x 2_PD1_102v3","mimic5","2"
"2","PD1","102v3",292.6865,10,"2 x 2_PD1_102v3","mimic5","2"
"2","PD1","102v3",160.783,13,"2 x 2_PD1_102v3","mimic5","2"
"2","PD1","102v3",235.7235,16,"2 x 2_PD1_102v3","mimic5","2"
"2","PD1","102v3",302.152,19,"2 x 2_PD1_102v3","mimic5","2"
"2","PD1","102v3",412.1765,22,"2 x 2_PD1_102v3","mimic5","2"
"2","PD1","102v4",0,5,"2 x 3_PD1_102v4","mimic5","3"
"2","PD1","102v4",40.293,7,"2 x 3_PD1_102v4","mimic5","3"
"2","PD1","102v4",51.984,10,"2 x 3_PD1_102v4","mimic5","3"
"2","PD1","102v4",42.592,13,"2 x 3_PD1_102v4","mimic5","3"
"2","PD1","102v4",84.216,16,"2 x 3_PD1_102v4","mimic5","3"
"2","PD1","102v4",197.213,19,"2 x 3_PD1_102v4","mimic5","3"
"2","PD1","102v4",1361.886,22,"2 x 3_PD1_102v4","mimic5","3"
"2","IgG","102v4",96.04,5,"2 x 4_IgG_102v4","mimic5","4"
"2","IgG","102v4",90,7,"2 x 4_IgG_102v4","mimic5","4"
"3","IgG","102v3",80.736,5,"3 x 1_IgG_102v3","mimic5","1"
"3","IgG","102v3",98.441,7,"3 x 1_IgG_102v3","mimic5","1"
"3","IgG","102v3",88.872,10,"3 x 1_IgG_102v3","mimic5","1"
"3","IgG","102v3",34.4,13,"3 x 1_IgG_102v3","mimic5","1"
"3","IgG","102v3",72.03,16,"3 x 1_IgG_102v3","mimic5","1"
"3","IgG","102v3",447.785,19,"3 x 1_IgG_102v3","mimic5","1"
"3","IgG","102v3",652.9995,22,"3 x 1_IgG_102v3","mimic5","1"
"3","PD1","102v3",32.4,5,"3 x 2_PD1_102v3","mimic5","2"
"3","PD1","102v3",174.636,7,"3 x 2_PD1_102v3","mimic5","2"
"3","PD1","102v3",135.252,10,"3 x 2_PD1_102v3","mimic5","2"
"3","PD1","102v3",45.9375,13,"3 x 2_PD1_102v3","mimic5","2"
"3","PD1","102v3",13.31,16,"3 x 2_PD1_102v3","mimic5","2"
"3","PD1","102v3",0,19,"3 x 2_PD1_102v3","mimic5","2"
"3","PD1","102v3",1036.35,22,"3 x 2_PD1_102v3","mimic5","2"
"3","PD1","102v4",60.1305,5,"3 x 3_PD1_102v4","mimic5","3"
"3","PD1","102v4",89.9335,7,"3 x 3_PD1_102v4","mimic5","3"
"3","PD1","102v4",265.923,10,"3 x 3_PD1_102v4","mimic5","3"
"3","PD1","102v4",379.456,13,"3 x 3_PD1_102v4","mimic5","3"
"3","PD1","102v4",778.752,16,"3 x 3_PD1_102v4","mimic5","3"
"3","PD1","102v4",727.65,19,"3 x 3_PD1_102v4","mimic5","3"
"3","IgG","102v4",108.75,5,"3 x 4_IgG_102v4","mimic5","4"
"3","IgG","102v4",113.75,7,"3 x 4_IgG_102v4","mimic5","4"
"3","IgG","102v4",195.3525,10,"3 x 4_IgG_102v4","mimic5","4"
"3","IgG","102v4",423.6735,13,"3 x 4_IgG_102v4","mimic5","4"
"3","IgG","102v4",901.552,16,"3 x 4_IgG_102v4","mimic5","4"
"3","IgG","102v4",1503.565,19,"3 x 4_IgG_102v4","mimic5","4"
"3","IgG","102v4",1918.44,22,"3 x 4_IgG_102v4","mimic5","4"
"1","Anti-PD1","HONC60-55 v3",0,4,"1 x 1_Anti-PD1_HONC60-55 v3","mimic6","1"
"1","Anti-PD1","HONC60-55 v3",48,7,"1 x 1_Anti-PD1_HONC60-55 v3","mimic6","1"
"1","Anti-PD1","HONC60-55 v3",188.5275,9,"1 x 1_Anti-PD1_HONC60-55 v3","mimic6","1"
"1","Anti-PD1","HONC60-55 v3",174.05,12,"1 x 1_Anti-PD1_HONC60-55 v3","mimic6","1"
"1","Anti-PD1","HONC60-55 v3",150.528,15,"1 x 1_Anti-PD1_HONC60-55 v3","mimic6","1"
"1","Anti-PD1","HONC60-55 v3",112.5,18,"1 x 1_Anti-PD1_HONC60-55 v3","mimic6","1"
"1","Anti-PD1","HONC60-55 v3",181.675,21,"1 x 1_Anti-PD1_HONC60-55 v3","mimic6","1"
"1","IgG","HONC60-55 v3",11.2995,4,"1 x 2_IgG_HONC60-55 v3","mimic6","2"
"1","IgG","HONC60-55 v3",76.7295,7,"1 x 2_IgG_HONC60-55 v3","mimic6","2"
"1","IgG","HONC60-55 v3",124.6375,9,"1 x 2_IgG_HONC60-55 v3","mimic6","2"
"1","IgG","HONC60-55 v3",203.652,12,"1 x 2_IgG_HONC60-55 v3","mimic6","2"
"1","IgG","HONC60-55 v3",226.4825,15,"1 x 2_IgG_HONC60-55 v3","mimic6","2"
"1","IgG","HONC60-55 v3",566.7255,18,"1 x 2_IgG_HONC60-55 v3","mimic6","2"
"1","IgG","HONC60-55 v3",841,21,"1 x 2_IgG_HONC60-55 v3","mimic6","2"
"1","IgG","HONC60-55 v4",11.109,4,"1 x 3_IgG_HONC60-55 v4","mimic6","3"
"1","IgG","HONC60-55 v4",277.235,7,"1 x 3_IgG_HONC60-55 v4","mimic6","3"
"1","IgG","HONC60-55 v4",451.497,9,"1 x 3_IgG_HONC60-55 v4","mimic6","3"
"1","Anti-PD1","HONC60-55 v4",89.376,4,"1 x 4_Anti-PD1_HONC60-55 v4","mimic6","4"
"1","Anti-PD1","HONC60-55 v4",128.3745,7,"1 x 4_Anti-PD1_HONC60-55 v4","mimic6","4"
"1","Anti-PD1","HONC60-55 v4",204.723,9,"1 x 4_Anti-PD1_HONC60-55 v4","mimic6","4"
"1","Anti-PD1","HONC60-55 v4",289.338,12,"1 x 4_Anti-PD1_HONC60-55 v4","mimic6","4"
"1","Anti-PD1","HONC60-55 v4",234.1955,15,"1 x 4_Anti-PD1_HONC60-55 v4","mimic6","4"
"1","Anti-PD1","HONC60-55 v4",87.88,18,"1 x 4_Anti-PD1_HONC60-55 v4","mimic6","4"
"1","Anti-PD1","HONC60-55 v4",92.3355,21,"1 x 4_Anti-PD1_HONC60-55 v4","mimic6","4"
"2","Anti-PD1","HONC60-55 v3",2.16,4,"2 x 1_Anti-PD1_HONC60-55 v3","mimic6","1"
"2","Anti-PD1","HONC60-55 v3",145.636,7,"2 x 1_Anti-PD1_HONC60-55 v3","mimic6","1"
"2","Anti-PD1","HONC60-55 v3",83.765,9,"2 x 1_Anti-PD1_HONC60-55 v3","mimic6","1"
"2","Anti-PD1","HONC60-55 v3",51.156,12,"2 x 1_Anti-PD1_HONC60-55 v3","mimic6","1"
"2","Anti-PD1","HONC60-55 v3",4.6305,15,"2 x 1_Anti-PD1_HONC60-55 v3","mimic6","1"
"2","Anti-PD1","HONC60-55 v3",0,18,"2 x 1_Anti-PD1_HONC60-55 v3","mimic6","1"
"2","Anti-PD1","HONC60-55 v3",0,21,"2 x 1_Anti-PD1_HONC60-55 v3","mimic6","1"
"2","IgG","HONC60-55 v4",14.534,4,"2 x 3_IgG_HONC60-55 v4","mimic6","3"
"2","IgG","HONC60-55 v4",28.175,7,"2 x 3_IgG_HONC60-55 v4","mimic6","3"
"2","IgG","HONC60-55 v4",37.2645,9,"2 x 3_IgG_HONC60-55 v4","mimic6","3"
"2","IgG","HONC60-55 v4",217.328,12,"2 x 3_IgG_HONC60-55 v4","mimic6","3"
"2","IgG","HONC60-55 v4",251.256,15,"2 x 3_IgG_HONC60-55 v4","mimic6","3"
"2","IgG","HONC60-55 v4",429.3,18,"2 x 3_IgG_HONC60-55 v4","mimic6","3"
"2","IgG","HONC60-55 v4",623.598,21,"2 x 3_IgG_HONC60-55 v4","mimic6","3"
"2","Anti-PD1","HONC60-55 v4",45.2845,4,"2 x 4_Anti-PD1_HONC60-55 v4","mimic6","4"
"2","Anti-PD1","HONC60-55 v4",150.3815,7,"2 x 4_Anti-PD1_HONC60-55 v4","mimic6","4"
"2","Anti-PD1","HONC60-55 v4",234.226,9,"2 x 4_Anti-PD1_HONC60-55 v4","mimic6","4"
"2","Anti-PD1","HONC60-55 v4",95.874,12,"2 x 4_Anti-PD1_HONC60-55 v4","mimic6","4"
"2","Anti-PD1","HONC60-55 v4",32.856,15,"2 x 4_Anti-PD1_HONC60-55 v4","mimic6","4"
"2","Anti-PD1","HONC60-55 v4",0,18,"2 x 4_Anti-PD1_HONC60-55 v4","mimic6","4"
"2","Anti-PD1","HONC60-55 v4",0,21,"2 x 4_Anti-PD1_HONC60-55 v4","mimic6","4"
"3","IgG","HONC60-55 v3",1.728,4,"3 x 2_IgG_HONC60-55 v3","mimic6","2"
"3","IgG","HONC60-55 v3",101.4,7,"3 x 2_IgG_HONC60-55 v3","mimic6","2"
"3","IgG","HONC60-55 v3",110.466,9,"3 x 2_IgG_HONC60-55 v3","mimic6","2"
"3","IgG","HONC60-55 v3",221.3865,12,"3 x 2_IgG_HONC60-55 v3","mimic6","2"
"3","IgG","HONC60-55 v3",390.61,15,"3 x 2_IgG_HONC60-55 v3","mimic6","2"
"3","IgG","HONC60-55 v3",537.1535,18,"3 x 2_IgG_HONC60-55 v3","mimic6","2"
"3","IgG","HONC60-55 v3",1609.699,21,"3 x 2_IgG_HONC60-55 v3","mimic6","2"
"3","IgG","HONC60-55 v4",44.55,4,"3 x 3_IgG_HONC60-55 v4","mimic6","3"
"3","IgG","HONC60-55 v4",41.6,7,"3 x 3_IgG_HONC60-55 v4","mimic6","3"
"3","IgG","HONC60-55 v4",134.096,9,"3 x 3_IgG_HONC60-55 v4","mimic6","3"
"3","IgG","HONC60-55 v4",404.564,12,"3 x 3_IgG_HONC60-55 v4","mimic6","3"
"3","IgG","HONC60-55 v4",818.0875,15,"3 x 3_IgG_HONC60-55 v4","mimic6","3"
"3","IgG","HONC60-55 v4",1309.8735,18,"3 x 3_IgG_HONC60-55 v4","mimic6","3"
"3","Anti-PD1","HONC60-55 v4",52.9,4,"3 x 4_Anti-PD1_HONC60-55 v4","mimic6","4"
"3","Anti-PD1","HONC60-55 v4",76.3515,7,"3 x 4_Anti-PD1_HONC60-55 v4","mimic6","4"
"3","Anti-PD1","HONC60-55 v4",106.742,9,"3 x 4_Anti-PD1_HONC60-55 v4","mimic6","4"
"3","Anti-PD1","HONC60-55 v4",124.6535,12,"3 x 4_Anti-PD1_HONC60-55 v4","mimic6","4"
"3","Anti-PD1","HONC60-55 v4",18.45,15,"3 x 4_Anti-PD1_HONC60-55 v4","mimic6","4"
"3","Anti-PD1","HONC60-55 v4",0,18,"3 x 4_Anti-PD1_HONC60-55 v4","mimic6","4"
"3","Anti-PD1","HONC60-55 v4",0,21,"3 x 4_Anti-PD1_HONC60-55 v4","mimic6","4"
"1","Anti-PD1","HONC60-55 v3",25.27,2,"1 x 1_Anti-PD1_HONC60-55 v3","mimic7","1"
"1","Anti-PD1","HONC60-55 v3",38.025,4,"1 x 1_Anti-PD1_HONC60-55 v3","mimic7","1"
"1","Anti-PD1","HONC60-55 v3",77.5,7,"1 x 1_Anti-PD1_HONC60-55 v3","mimic7","1"
"1","Anti-PD1","HONC60-55 v3",51.156,9,"1 x 1_Anti-PD1_HONC60-55 v3","mimic7","1"
"1","Anti-PD1","HONC60-55 v3",81.9315,11,"1 x 1_Anti-PD1_HONC60-55 v3","mimic7","1"
"1","Anti-PD1","HONC60-55 v3",72.03,14,"1 x 1_Anti-PD1_HONC60-55 v3","mimic7","1"
"1","Anti-PD1","HONC60-55 v3",0,17,"1 x 1_Anti-PD1_HONC60-55 v3","mimic7","1"
"1","Anti-PD1","HONC60-55 v3",0,21,"1 x 1_Anti-PD1_HONC60-55 v3","mimic7","1"
"1","Anti-PD1","HONC60-55 v4",0,2,"1 x 2_Anti-PD1_HONC60-55 v4","mimic7","2"
"1","Anti-PD1","HONC60-55 v4",10.656,4,"1 x 2_Anti-PD1_HONC60-55 v4","mimic7","2"
"1","Anti-PD1","HONC60-55 v4",8.379,7,"1 x 2_Anti-PD1_HONC60-55 v4","mimic7","2"
"1","Anti-PD1","HONC60-55 v4",138.5875,9,"1 x 2_Anti-PD1_HONC60-55 v4","mimic7","2"
"1","Anti-PD1","HONC60-55 v4",224.266,11,"1 x 2_Anti-PD1_HONC60-55 v4","mimic7","2"
"1","Anti-PD1","HONC60-55 v4",419.166,14,"1 x 2_Anti-PD1_HONC60-55 v4","mimic7","2"
"1","Anti-PD1","HONC60-55 v4",361.305,17,"1 x 2_Anti-PD1_HONC60-55 v4","mimic7","2"
"1","Anti-PD1","HONC60-55 v4",271.8275,21,"1 x 2_Anti-PD1_HONC60-55 v4","mimic7","2"
"1","IgG","HONC60-55 v4",0,2,"1 x 3_IgG_HONC60-55 v4","mimic7","3"
"1","IgG","HONC60-55 v4",2.187,4,"1 x 3_IgG_HONC60-55 v4","mimic7","3"
"1","IgG","HONC60-55 v4",36.288,7,"1 x 3_IgG_HONC60-55 v4","mimic7","3"
"1","IgG","HONC60-55 v4",91.248,9,"1 x 3_IgG_HONC60-55 v4","mimic7","3"
"1","IgG","HONC60-55 v4",71.569,11,"1 x 3_IgG_HONC60-55 v4","mimic7","3"
"1","IgG","HONC60-55 v4",130.3155,14,"1 x 3_IgG_HONC60-55 v4","mimic7","3"
"1","IgG","HONC60-55 v4",271.6635,17,"1 x 3_IgG_HONC60-55 v4","mimic7","3"
"1","IgG","HONC60-55 v4",406.939,21,"1 x 3_IgG_HONC60-55 v4","mimic7","3"
"2","Anti-PD1","HONC60-55 v3",38.025,2,"2 x 1_Anti-PD1_HONC60-55 v3","mimic7","1"
"2","Anti-PD1","HONC60-55 v3",28.512,4,"2 x 1_Anti-PD1_HONC60-55 v3","mimic7","1"
"2","Anti-PD1","HONC60-55 v3",66.25,7,"2 x 1_Anti-PD1_HONC60-55 v3","mimic7","1"
"2","Anti-PD1","HONC60-55 v3",137.677,9,"2 x 1_Anti-PD1_HONC60-55 v3","mimic7","1"
"2","Anti-PD1","HONC60-55 v3",155.648,11,"2 x 1_Anti-PD1_HONC60-55 v3","mimic7","1"
"2","Anti-PD1","HONC60-55 v3",151.838,14,"2 x 1_Anti-PD1_HONC60-55 v3","mimic7","1"
"2","Anti-PD1","HONC60-55 v3",63.888,17,"2 x 1_Anti-PD1_HONC60-55 v3","mimic7","1"
"2","Anti-PD1","HONC60-55 v3",13.05,21,"2 x 1_Anti-PD1_HONC60-55 v3","mimic7","1"
"2","Anti-PD1","HONC60-55 v4",24.3,2,"2 x 2_Anti-PD1_HONC60-55 v4","mimic7","2"
"2","Anti-PD1","HONC60-55 v4",42.4,4,"2 x 2_Anti-PD1_HONC60-55 v4","mimic7","2"
"2","Anti-PD1","HONC60-55 v4",115.169,7,"2 x 2_Anti-PD1_HONC60-55 v4","mimic7","2"
"2","Anti-PD1","HONC60-55 v4",173.0265,9,"2 x 2_Anti-PD1_HONC60-55 v4","mimic7","2"
"2","Anti-PD1","HONC60-55 v4",106.641,11,"2 x 2_Anti-PD1_HONC60-55 v4","mimic7","2"
"2","Anti-PD1","HONC60-55 v4",58.19,14,"2 x 2_Anti-PD1_HONC60-55 v4","mimic7","2"
"2","Anti-PD1","HONC60-55 v4",15.73,17,"2 x 2_Anti-PD1_HONC60-55 v4","mimic7","2"
"2","Anti-PD1","HONC60-55 v4",0,21,"2 x 2_Anti-PD1_HONC60-55 v4","mimic7","2"
"2","IgG","HONC60-55 v4",0,2,"2 x 3_IgG_HONC60-55 v4","mimic7","3"
"2","IgG","HONC60-55 v4",1.056,4,"2 x 3_IgG_HONC60-55 v4","mimic7","3"
"2","IgG","HONC60-55 v4",15.75,7,"2 x 3_IgG_HONC60-55 v4","mimic7","3"
"2","IgG","HONC60-55 v4",47.959,9,"2 x 3_IgG_HONC60-55 v4","mimic7","3"
"2","IgG","HONC60-55 v4",111.2425,11,"2 x 3_IgG_HONC60-55 v4","mimic7","3"
"2","IgG","HONC60-55 v4",431.2165,14,"2 x 3_IgG_HONC60-55 v4","mimic7","3"
"2","IgG","HONC60-55 v4",161.287,17,"2 x 3_IgG_HONC60-55 v4","mimic7","3"
"2","IgG","HONC60-55 v4",747,21,"2 x 3_IgG_HONC60-55 v4","mimic7","3"
"3","Anti-PD1","HONC60-55 v3",12.5235,2,"3 x 1_Anti-PD1_HONC60-55 v3","mimic7","1"
"3","Anti-PD1","HONC60-55 v3",23.8875,4,"3 x 1_Anti-PD1_HONC60-55 v3","mimic7","1"
"3","Anti-PD1","HONC60-55 v3",46.552,7,"3 x 1_Anti-PD1_HONC60-55 v3","mimic7","1"
"3","Anti-PD1","HONC60-55 v3",68.4285,9,"3 x 1_Anti-PD1_HONC60-55 v3","mimic7","1"
"3","Anti-PD1","HONC60-55 v3",181.8045,11,"3 x 1_Anti-PD1_HONC60-55 v3","mimic7","1"
"3","Anti-PD1","HONC60-55 v3",152.46,14,"3 x 1_Anti-PD1_HONC60-55 v3","mimic7","1"
"3","Anti-PD1","HONC60-55 v3",66.3255,17,"3 x 1_Anti-PD1_HONC60-55 v3","mimic7","1"
"3","Anti-PD1","HONC60-55 v3",6.05,21,"3 x 1_Anti-PD1_HONC60-55 v3","mimic7","1"
"3","Anti-PD1","HONC60-55 v4",19.22,2,"3 x 2_Anti-PD1_HONC60-55 v4","mimic7","2"
"3","Anti-PD1","HONC60-55 v4",49.5895,4,"3 x 2_Anti-PD1_HONC60-55 v4","mimic7","2"
"3","Anti-PD1","HONC60-55 v4",83.582,7,"3 x 2_Anti-PD1_HONC60-55 v4","mimic7","2"
"3","Anti-PD1","HONC60-55 v4",180,9,"3 x 2_Anti-PD1_HONC60-55 v4","mimic7","2"
"3","Anti-PD1","HONC60-55 v4",156.645,11,"3 x 2_Anti-PD1_HONC60-55 v4","mimic7","2"
"3","Anti-PD1","HONC60-55 v4",146.9795,14,"3 x 2_Anti-PD1_HONC60-55 v4","mimic7","2"
"3","Anti-PD1","HONC60-55 v4",58.19,17,"3 x 2_Anti-PD1_HONC60-55 v4","mimic7","2"
"3","Anti-PD1","HONC60-55 v4",23.552,21,"3 x 2_Anti-PD1_HONC60-55 v4","mimic7","2"
"3","IgG","HONC60-55 v4",6.422,2,"3 x 3_IgG_HONC60-55 v4","mimic7","3"
"3","IgG","HONC60-55 v4",57.132,4,"3 x 3_IgG_HONC60-55 v4","mimic7","3"
"3","IgG","HONC60-55 v4",107.3875,7,"3 x 3_IgG_HONC60-55 v4","mimic7","3"
"3","IgG","HONC60-55 v4",79.35,9,"3 x 3_IgG_HONC60-55 v4","mimic7","3"
"3","IgG","HONC60-55 v4",68.728,11,"3 x 3_IgG_HONC60-55 v4","mimic7","3"
"3","IgG","HONC60-55 v4",88.36,14,"3 x 3_IgG_HONC60-55 v4","mimic7","3"
"3","IgG","HONC60-55 v4",370.44,17,"3 x 3_IgG_HONC60-55 v4","mimic7","3"
"3","IgG","HONC60-55 v4",640,21,"3 x 3_IgG_HONC60-55 v4","mimic7","3"
"3","IgG","HONC60-55 v3",0,2,"3 x 4_IgG_HONC60-55 v3","mimic7","4"
"3","IgG","HONC60-55 v3",1.666,4,"3 x 4_IgG_HONC60-55 v3","mimic7","4"
"3","IgG","HONC60-55 v3",65.664,7,"3 x 4_IgG_HONC60-55 v3","mimic7","4"
"3","IgG","HONC60-55 v3",187.303,9,"3 x 4_IgG_HONC60-55 v3","mimic7","4"
"3","IgG","HONC60-55 v3",133.171,11,"3 x 4_IgG_HONC60-55 v3","mimic7","4"
"3","IgG","HONC60-55 v3",245.735,14,"3 x 4_IgG_HONC60-55 v3","mimic7","4"
"3","IgG","HONC60-55 v3",312.5145,17,"3 x 4_IgG_HONC60-55 v3","mimic7","4"
"3","IgG","HONC60-55 v3",573.1595,21,"3 x 4_IgG_HONC60-55 v3","mimic7","4"
"1","Anti-PD1","DL017",0,4,"1 x 1_Anti-PD1_DL017","mimic8","1"
"1","Anti-PD1","DL017",0,6,"1 x 1_Anti-PD1_DL017","mimic8","1"
"1","Anti-PD1","DL017",23.976,9,"1 x 1_Anti-PD1_DL017","mimic8","1"
"1","Anti-PD1","DL017",0,12,"1 x 1_Anti-PD1_DL017","mimic8","1"
"1","Anti-PD1","DL017",0,14,"1 x 1_Anti-PD1_DL017","mimic8","1"
"1","Anti-PD1","DL017",0,18,"1 x 1_Anti-PD1_DL017","mimic8","1"
"1","Anti-PD1","DL017",0,21,"1 x 1_Anti-PD1_DL017","mimic8","1"
"1","Anti-PD1","DL017",0,4,"1 x 2_Anti-PD1_DL017","mimic8","2"
"1","Anti-PD1","DL017",0,6,"1 x 2_Anti-PD1_DL017","mimic8","2"
"1","Anti-PD1","DL017",49.096,9,"1 x 2_Anti-PD1_DL017","mimic8","2"
"1","Anti-PD1","DL017",43.1235,12,"1 x 2_Anti-PD1_DL017","mimic8","2"
"1","Anti-PD1","DL017",22.2865,14,"1 x 2_Anti-PD1_DL017","mimic8","2"
"1","Anti-PD1","DL017",58.5385,18,"1 x 2_Anti-PD1_DL017","mimic8","2"
"1","Anti-PD1","DL017",81.12,21,"1 x 2_Anti-PD1_DL017","mimic8","2"
"1","IgG","DL017",14.0625,4,"1 x 4_IgG_DL017","mimic8","4"
"1","IgG","DL017",27,6,"1 x 4_IgG_DL017","mimic8","4"
"1","IgG","DL017",76.4855,9,"1 x 4_IgG_DL017","mimic8","4"
"1","IgG","DL017",105,12,"1 x 4_IgG_DL017","mimic8","4"
"1","IgG","DL017",95.832,14,"1 x 4_IgG_DL017","mimic8","4"
"1","IgG","DL017",149.916,18,"1 x 4_IgG_DL017","mimic8","4"
"1","IgG","DL017",245.48,21,"1 x 4_IgG_DL017","mimic8","4"
"2","Anti-PD1","DL017",14.872,4,"2 x 1_Anti-PD1_DL017","mimic8","1"
"2","Anti-PD1","DL017",45.8615,6,"2 x 1_Anti-PD1_DL017","mimic8","1"
"2","Anti-PD1","DL017",94.8395,9,"2 x 1_Anti-PD1_DL017","mimic8","1"
"2","Anti-PD1","DL017",107.9415,12,"2 x 1_Anti-PD1_DL017","mimic8","1"
"2","Anti-PD1","DL017",100.1385,14,"2 x 1_Anti-PD1_DL017","mimic8","1"
"2","Anti-PD1","DL017",93.75,18,"2 x 1_Anti-PD1_DL017","mimic8","1"
"2","Anti-PD1","DL017",89.7345,21,"2 x 1_Anti-PD1_DL017","mimic8","1"
"2","Anti-PD1","DL017",24.75,4,"2 x 2_Anti-PD1_DL017","mimic8","2"
"2","Anti-PD1","DL017",41.876,6,"2 x 2_Anti-PD1_DL017","mimic8","2"
"2","Anti-PD1","DL017",62.4,9,"2 x 2_Anti-PD1_DL017","mimic8","2"
"2","Anti-PD1","DL017",4.05,12,"2 x 2_Anti-PD1_DL017","mimic8","2"
"2","Anti-PD1","DL017",0,14,"2 x 2_Anti-PD1_DL017","mimic8","2"
"2","Anti-PD1","DL017",0,18,"2 x 2_Anti-PD1_DL017","mimic8","2"
"2","Anti-PD1","DL017",0,21,"2 x 2_Anti-PD1_DL017","mimic8","2"
"2","IgG","DL017",12.348,4,"2 x 4_IgG_DL017","mimic8","4"
"2","IgG","DL017",39.7485,6,"2 x 4_IgG_DL017","mimic8","4"
"2","IgG","DL017",49.5495,9,"2 x 4_IgG_DL017","mimic8","4"
"2","IgG","DL017",62.974,12,"2 x 4_IgG_DL017","mimic8","4"
"2","IgG","DL017",49.005,14,"2 x 4_IgG_DL017","mimic8","4"
"2","IgG","DL017",71.632,18,"2 x 4_IgG_DL017","mimic8","4"
"2","IgG","DL017",172.062,21,"2 x 4_IgG_DL017","mimic8","4"
"3","Anti-PD1","DL017",16.038,4,"3 x 1_Anti-PD1_DL017","mimic8","1"
"3","Anti-PD1","DL017",62.4,6,"3 x 1_Anti-PD1_DL017","mimic8","1"
"3","Anti-PD1","DL017",109.3455,9,"3 x 1_Anti-PD1_DL017","mimic8","1"
"3","Anti-PD1","DL017",65.268,12,"3 x 1_Anti-PD1_DL017","mimic8","1"
"3","Anti-PD1","DL017",65.8125,14,"3 x 1_Anti-PD1_DL017","mimic8","1"
"3","Anti-PD1","DL017",70.688,18,"3 x 1_Anti-PD1_DL017","mimic8","1"
"3","Anti-PD1","DL017",70.227,21,"3 x 1_Anti-PD1_DL017","mimic8","1"
"3","Anti-PD1","DL017",20.181,4,"3 x 2_Anti-PD1_DL017","mimic8","2"
"3","Anti-PD1","DL017",23.85,6,"3 x 2_Anti-PD1_DL017","mimic8","2"
"3","Anti-PD1","DL017",57.319,12,"3 x 2_Anti-PD1_DL017","mimic8","2"
"3","Anti-PD1","DL017",2.6195,14,"3 x 2_Anti-PD1_DL017","mimic8","2"
"3","Anti-PD1","DL017",0,18,"3 x 2_Anti-PD1_DL017","mimic8","2"
"3","Anti-PD1","DL017",0,21,"3 x 2_Anti-PD1_DL017","mimic8","2"
"3","IgG","DL017",5.6,4,"3 x 4_IgG_DL017","mimic8","4"
"3","IgG","DL017",21.4455,6,"3 x 4_IgG_DL017","mimic8","4"
"3","IgG","DL017",50.43,9,"3 x 4_IgG_DL017","mimic8","4"
"3","IgG","DL017",67.8375,12,"3 x 4_IgG_DL017","mimic8","4"
"3","IgG","DL017",41.067,14,"3 x 4_IgG_DL017","mimic8","4"
"3","IgG","DL017",139.606,18,"3 x 4_IgG_DL017","mimic8","4"
"3","IgG","DL017",272.8125,21,"3 x 4_IgG_DL017","mimic8","4"
"1","Anti-PD1","HONC-60 62v2",36.4355,2,"1 x 1_Anti-PD1_HONC-60 62v2","mimic9","1"
"1","Anti-PD1","HONC-60 62v2",66.0115,5,"1 x 1_Anti-PD1_HONC-60 62v2","mimic9","1"
"1","Anti-PD1","HONC-60 62v2",68.952,8,"1 x 1_Anti-PD1_HONC-60 62v2","mimic9","1"
"1","Anti-PD1","HONC-60 62v2",132.0955,11,"1 x 1_Anti-PD1_HONC-60 62v2","mimic9","1"
"1","Anti-PD1","HONC-60 62v2",184.832,14,"1 x 1_Anti-PD1_HONC-60 62v2","mimic9","1"
"1","Anti-PD1","HONC-60 62v2",151.552,17,"1 x 1_Anti-PD1_HONC-60 62v2","mimic9","1"
"1","Anti-PD1","HONC-60 62v2",105.9465,21,"1 x 1_Anti-PD1_HONC-60 62v2","mimic9","1"
"1","IgG","HONC-60 62v4",31.0985,2,"1 x 2_IgG_HONC-60 62v4","mimic9","2"
"1","IgG","HONC-60 62v4",87.552,5,"1 x 2_IgG_HONC-60 62v4","mimic9","2"
"1","IgG","HONC-60 62v4",82.8345,8,"1 x 2_IgG_HONC-60 62v4","mimic9","2"
"1","IgG","HONC-60 62v4",126.3135,11,"1 x 2_IgG_HONC-60 62v4","mimic9","2"
"1","IgG","HONC-60 62v4",116.058,14,"1 x 2_IgG_HONC-60 62v4","mimic9","2"
"1","IgG","HONC-60 62v4",2754.3405,17,"1 x 2_IgG_HONC-60 62v4","mimic9","2"
"1","IgG","HONC-60 62v4",1090.397,21,"1 x 2_IgG_HONC-60 62v4","mimic9","2"
"1","Anti-PD1","HONC-60 62v2",20.808,2,"1 x 3_Anti-PD1_HONC-60 62v2","mimic9","3"
"1","Anti-PD1","HONC-60 62v2",32.8,5,"1 x 3_Anti-PD1_HONC-60 62v2","mimic9","3"
"1","Anti-PD1","HONC-60 62v2",116.25,8,"1 x 3_Anti-PD1_HONC-60 62v2","mimic9","3"
"1","Anti-PD1","HONC-60 62v2",125.316,11,"1 x 3_Anti-PD1_HONC-60 62v2","mimic9","3"
"1","Anti-PD1","HONC-60 62v2",333.856,14,"1 x 3_Anti-PD1_HONC-60 62v2","mimic9","3"
"1","Anti-PD1","HONC-60 62v2",94.64,17,"1 x 3_Anti-PD1_HONC-60 62v2","mimic9","3"
"1","Anti-PD1","HONC-60 62v2",58.8245,21,"1 x 3_Anti-PD1_HONC-60 62v2","mimic9","3"
"1","IgG","HONC-60 62v4",10.9375,2,"1 x 4_IgG_HONC-60 62v4","mimic9","4"
"1","IgG","HONC-60 62v4",58.08,5,"1 x 4_IgG_HONC-60 62v4","mimic9","4"
"1","IgG","HONC-60 62v4",97.02,8,"1 x 4_IgG_HONC-60 62v4","mimic9","4"
"1","IgG","HONC-60 62v4",165.7165,11,"1 x 4_IgG_HONC-60 62v4","mimic9","4"
"1","IgG","HONC-60 62v4",461.711,14,"1 x 4_IgG_HONC-60 62v4","mimic9","4"
"1","IgG","HONC-60 62v4",628.1555,17,"1 x 4_IgG_HONC-60 62v4","mimic9","4"
"1","IgG","HONC-60 62v4",807.6145,21,"1 x 4_IgG_HONC-60 62v4","mimic9","4"
"2","Anti-PD1","HONC-60 62v2",2.4565,2,"2 x 1_Anti-PD1_HONC-60 62v2","mimic9","1"
"2","Anti-PD1","HONC-60 62v2",13.5,5,"2 x 1_Anti-PD1_HONC-60 62v2","mimic9","1"
"2","Anti-PD1","HONC-60 62v2",59.2085,8,"2 x 1_Anti-PD1_HONC-60 62v2","mimic9","1"
"2","Anti-PD1","HONC-60 62v2",88.088,11,"2 x 1_Anti-PD1_HONC-60 62v2","mimic9","1"
"2","Anti-PD1","HONC-60 62v2",85.184,14,"2 x 1_Anti-PD1_HONC-60 62v2","mimic9","1"
"2","Anti-PD1","HONC-60 62v2",93.75,17,"2 x 1_Anti-PD1_HONC-60 62v2","mimic9","1"
"2","Anti-PD1","HONC-60 62v2",96.356,21,"2 x 1_Anti-PD1_HONC-60 62v2","mimic9","1"
"2","IgG","HONC-60 62v4",5.76,2,"2 x 2_IgG_HONC-60 62v4","mimic9","2"
"2","IgG","HONC-60 62v4",120.6,5,"2 x 2_IgG_HONC-60 62v4","mimic9","2"
"2","IgG","HONC-60 62v4",111.843,8,"2 x 2_IgG_HONC-60 62v4","mimic9","2"
"2","IgG","HONC-60 62v4",375.7,11,"2 x 2_IgG_HONC-60 62v4","mimic9","2"
"2","IgG","HONC-60 62v4",62.92,14,"2 x 2_IgG_HONC-60 62v4","mimic9","2"
"2","IgG","HONC-60 62v4",1088.2755,17,"2 x 2_IgG_HONC-60 62v4","mimic9","2"
"2","IgG","HONC-60 62v4",2331.105,21,"2 x 2_IgG_HONC-60 62v4","mimic9","2"
"2","Anti-PD1","HONC-60 62v2",45.3005,2,"2 x 3_Anti-PD1_HONC-60 62v2","mimic9","3"
"2","Anti-PD1","HONC-60 62v2",80.631,5,"2 x 3_Anti-PD1_HONC-60 62v2","mimic9","3"
"2","Anti-PD1","HONC-60 62v2",154.9045,8,"2 x 3_Anti-PD1_HONC-60 62v2","mimic9","3"
"2","Anti-PD1","HONC-60 62v2",110.5425,11,"2 x 3_Anti-PD1_HONC-60 62v2","mimic9","3"
"2","Anti-PD1","HONC-60 62v2",700.9705,14,"2 x 3_Anti-PD1_HONC-60 62v2","mimic9","3"
"2","Anti-PD1","HONC-60 62v2",21.15,17,"2 x 3_Anti-PD1_HONC-60 62v2","mimic9","3"
"2","Anti-PD1","HONC-60 62v2",0,21,"2 x 3_Anti-PD1_HONC-60 62v2","mimic9","3"
"2","IgG","HONC-60 62v4",39.546,2,"2 x 4_IgG_HONC-60 62v4","mimic9","4"
"2","IgG","HONC-60 62v4",49.923,5,"2 x 4_IgG_HONC-60 62v4","mimic9","4"
"2","IgG","HONC-60 62v4",115.7445,8,"2 x 4_IgG_HONC-60 62v4","mimic9","4"
"2","IgG","HONC-60 62v4",122.451,11,"2 x 4_IgG_HONC-60 62v4","mimic9","4"
"2","IgG","HONC-60 62v4",255.873,14,"2 x 4_IgG_HONC-60 62v4","mimic9","4"
"2","IgG","HONC-60 62v4",584.016,17,"2 x 4_IgG_HONC-60 62v4","mimic9","4"
"2","IgG","HONC-60 62v4",926.718,21,"2 x 4_IgG_HONC-60 62v4","mimic9","4"
"3","Anti-PD1","HONC-60 62v2",19.602,2,"3 x 1_Anti-PD1_HONC-60 62v2","mimic9","1"
"3","Anti-PD1","HONC-60 62v2",33.516,5,"3 x 1_Anti-PD1_HONC-60 62v2","mimic9","1"
"3","Anti-PD1","HONC-60 62v2",72.8,8,"3 x 1_Anti-PD1_HONC-60 62v2","mimic9","1"
"3","Anti-PD1","HONC-60 62v2",87.318,11,"3 x 1_Anti-PD1_HONC-60 62v2","mimic9","1"
"3","Anti-PD1","HONC-60 62v2",72.958,14,"3 x 1_Anti-PD1_HONC-60 62v2","mimic9","1"
"3","Anti-PD1","HONC-60 62v2",140.277,17,"3 x 1_Anti-PD1_HONC-60 62v2","mimic9","1"
"3","Anti-PD1","HONC-60 62v2",173.8315,21,"3 x 1_Anti-PD1_HONC-60 62v2","mimic9","1"
"3","IgG","HONC-60 62v4",15.138,2,"3 x 2_IgG_HONC-60 62v4","mimic9","2"
"3","IgG","HONC-60 62v4",30.6,5,"3 x 2_IgG_HONC-60 62v4","mimic9","2"
"3","IgG","HONC-60 62v4",64.387,8,"3 x 2_IgG_HONC-60 62v4","mimic9","2"
"3","IgG","HONC-60 62v4",319.7385,11,"3 x 2_IgG_HONC-60 62v4","mimic9","2"
"3","IgG","HONC-60 62v4",26.36,14,"3 x 2_IgG_HONC-60 62v4","mimic9","2"
"3","IgG","HONC-60 62v4",119.07,17,"3 x 2_IgG_HONC-60 62v4","mimic9","2"
"3","IgG","HONC-60 62v4",198.2045,21,"3 x 2_IgG_HONC-60 62v4","mimic9","2"
"3","Anti-PD1","HONC-60 62v2",28.9,2,"3 x 3_Anti-PD1_HONC-60 62v2","mimic9","3"
"3","Anti-PD1","HONC-60 62v2",50.43,5,"3 x 3_Anti-PD1_HONC-60 62v2","mimic9","3"
"3","Anti-PD1","HONC-60 62v2",121.7645,8,"3 x 3_Anti-PD1_HONC-60 62v2","mimic9","3"
"3","Anti-PD1","HONC-60 62v2",38.446,11,"3 x 3_Anti-PD1_HONC-60 62v2","mimic9","3"
"3","Anti-PD1","HONC-60 62v2",524.655,14,"3 x 3_Anti-PD1_HONC-60 62v2","mimic9","3"
"3","Anti-PD1","HONC-60 62v2",9.375,17,"3 x 3_Anti-PD1_HONC-60 62v2","mimic9","3"
"3","Anti-PD1","HONC-60 62v2",5.096,21,"3 x 3_Anti-PD1_HONC-60 62v2","mimic9","3"
"3","IgG","HONC-60 62v4",38.88,2,"3 x 4_IgG_HONC-60 62v4","mimic9","4"
"3","IgG","HONC-60 62v4",54.0755,5,"3 x 4_IgG_HONC-60 62v4","mimic9","4"
"3","IgG","HONC-60 62v4",74.562,8,"3 x 4_IgG_HONC-60 62v4","mimic9","4"
"3","IgG","HONC-60 62v4",90.25,11,"3 x 4_IgG_HONC-60 62v4","mimic9","4"
"3","IgG","HONC-60 62v4",131.6195,14,"3 x 4_IgG_HONC-60 62v4","mimic9","4"
"3","IgG","HONC-60 62v4",191.904,17,"3 x 4_IgG_HONC-60 62v4","mimic9","4"
"3","IgG","HONC-60 62v4",298.904,21,"3 x 4_IgG_HONC-60 62v4","mimic9","4"
"1","Anti-PD1","HONC-60 68v1",0,0,"1 x 1_Anti-PD1_HONC-60 68v1","mimic10","1"
"1","Anti-PD1","HONC-60 68v1",43.4515,4,"1 x 1_Anti-PD1_HONC-60 68v1","mimic10","1"
"1","Anti-PD1","HONC-60 68v1",66.3255,6,"1 x 1_Anti-PD1_HONC-60 68v1","mimic10","1"
"1","Anti-PD1","HONC-60 68v1",56.074,9,"1 x 1_Anti-PD1_HONC-60 68v1","mimic10","1"
"1","Anti-PD1","HONC-60 68v1",89.298,12,"1 x 1_Anti-PD1_HONC-60 68v1","mimic10","1"
"1","Anti-PD1","HONC-60 68v1",153.164,15,"1 x 1_Anti-PD1_HONC-60 68v1","mimic10","1"
"1","Anti-PD1","HONC-60 68v1",292.5,18,"1 x 1_Anti-PD1_HONC-60 68v1","mimic10","1"
"1","Anti-PD1","HONC-60 68v1",296.45,21,"1 x 1_Anti-PD1_HONC-60 68v1","mimic10","1"
"1","Anti-PD1","HONC-60 68v2",0,0,"1 x 2_Anti-PD1_HONC-60 68v2","mimic10","2"
"1","Anti-PD1","HONC-60 68v2",16.896,4,"1 x 2_Anti-PD1_HONC-60 68v2","mimic10","2"
"1","Anti-PD1","HONC-60 68v2",40.9535,6,"1 x 2_Anti-PD1_HONC-60 68v2","mimic10","2"
"1","Anti-PD1","HONC-60 68v2",17.45,9,"1 x 2_Anti-PD1_HONC-60 68v2","mimic10","2"
"1","Anti-PD1","HONC-60 68v2",88.8255,12,"1 x 2_Anti-PD1_HONC-60 68v2","mimic10","2"
"1","Anti-PD1","HONC-60 68v2",66.25,15,"1 x 2_Anti-PD1_HONC-60 68v2","mimic10","2"
"1","Anti-PD1","HONC-60 68v2",110.3995,18,"1 x 2_Anti-PD1_HONC-60 68v2","mimic10","2"
"1","Anti-PD1","HONC-60 68v2",168.5345,21,"1 x 2_Anti-PD1_HONC-60 68v2","mimic10","2"
"1","IgG","HONC-60 68v1",0,0,"1 x 3_IgG_HONC-60 68v1","mimic10","3"
"1","IgG","HONC-60 68v1",66.0275,4,"1 x 3_IgG_HONC-60 68v1","mimic10","3"
"1","IgG","HONC-60 68v1",116.6135,6,"1 x 3_IgG_HONC-60 68v1","mimic10","3"
"1","IgG","HONC-60 68v1",104.104,9,"1 x 3_IgG_HONC-60 68v1","mimic10","3"
"1","IgG","HONC-60 68v1",177.8685,12,"1 x 3_IgG_HONC-60 68v1","mimic10","3"
"1","IgG","HONC-60 68v1",237.65,15,"1 x 3_IgG_HONC-60 68v1","mimic10","3"
"1","IgG","HONC-60 68v1",400.9875,18,"1 x 3_IgG_HONC-60 68v1","mimic10","3"
"1","IgG","HONC-60 68v1",694.8895,21,"1 x 3_IgG_HONC-60 68v1","mimic10","3"
"1","IgG","HONC-60 68v2",0,0,"1 x 4_IgG_HONC-60 68v2","mimic10","4"
"1","IgG","HONC-60 68v2",21.6,4,"1 x 4_IgG_HONC-60 68v2","mimic10","4"
"1","IgG","HONC-60 68v2",24.025,6,"1 x 4_IgG_HONC-60 68v2","mimic10","4"
"1","IgG","HONC-60 68v2",85.8645,9,"1 x 4_IgG_HONC-60 68v2","mimic10","4"
"1","IgG","HONC-60 68v2",80.3795,12,"1 x 4_IgG_HONC-60 68v2","mimic10","4"
"1","IgG","HONC-60 68v2",123.944,15,"1 x 4_IgG_HONC-60 68v2","mimic10","4"
"1","IgG","HONC-60 68v2",309.8425,18,"1 x 4_IgG_HONC-60 68v2","mimic10","4"
"1","IgG","HONC-60 68v2",647.15,21,"1 x 4_IgG_HONC-60 68v2","mimic10","4"
"2","Anti-PD1","HONC-60 68v1",0,0,"2 x 1_Anti-PD1_HONC-60 68v1","mimic10","1"
"2","Anti-PD1","HONC-60 68v1",48.6,4,"2 x 1_Anti-PD1_HONC-60 68v1","mimic10","1"
"2","Anti-PD1","HONC-60 68v1",109.6515,6,"2 x 1_Anti-PD1_HONC-60 68v1","mimic10","1"
"2","Anti-PD1","HONC-60 68v1",166.8875,9,"2 x 1_Anti-PD1_HONC-60 68v1","mimic10","1"
"2","Anti-PD1","HONC-60 68v1",165.9375,12,"2 x 1_Anti-PD1_HONC-60 68v1","mimic10","1"
"2","Anti-PD1","HONC-60 68v1",215.472,15,"2 x 1_Anti-PD1_HONC-60 68v1","mimic10","1"
"2","Anti-PD1","HONC-60 68v1",397.375,18,"2 x 1_Anti-PD1_HONC-60 68v1","mimic10","1"
"2","Anti-PD1","HONC-60 68v1",237.917,21,"2 x 1_Anti-PD1_HONC-60 68v1","mimic10","1"
"2","Anti-PD1","HONC-60 68v2",0,0,"2 x 2_Anti-PD1_HONC-60 68v2","mimic10","2"
"2","Anti-PD1","HONC-60 68v2",5.184,4,"2 x 2_Anti-PD1_HONC-60 68v2","mimic10","2"
"2","Anti-PD1","HONC-60 68v2",22.2865,6,"2 x 2_Anti-PD1_HONC-60 68v2","mimic10","2"
"2","Anti-PD1","HONC-60 68v2",114.513,9,"2 x 2_Anti-PD1_HONC-60 68v2","mimic10","2"
"2","Anti-PD1","HONC-60 68v2",112.216,12,"2 x 2_Anti-PD1_HONC-60 68v2","mimic10","2"
"2","Anti-PD1","HONC-60 68v2",81.027,15,"2 x 2_Anti-PD1_HONC-60 68v2","mimic10","2"
"2","Anti-PD1","HONC-60 68v2",15.309,18,"2 x 2_Anti-PD1_HONC-60 68v2","mimic10","2"
"2","Anti-PD1","HONC-60 68v2",3.9015,21,"2 x 2_Anti-PD1_HONC-60 68v2","mimic10","2"
"2","IgG","HONC-60 68v1",0,0,"2 x 3_IgG_HONC-60 68v1","mimic10","3"
"2","IgG","HONC-60 68v1",34.68,4,"2 x 3_IgG_HONC-60 68v1","mimic10","3"
"2","IgG","HONC-60 68v1",110.4125,6,"2 x 3_IgG_HONC-60 68v1","mimic10","3"
"2","IgG","HONC-60 68v1",57.6,9,"2 x 3_IgG_HONC-60 68v1","mimic10","3"
"2","IgG","HONC-60 68v1",252.8,12,"2 x 3_IgG_HONC-60 68v1","mimic10","3"
"2","IgG","HONC-60 68v1",426.275,15,"2 x 3_IgG_HONC-60 68v1","mimic10","3"
"2","IgG","HONC-60 68v1",509.2815,18,"2 x 3_IgG_HONC-60 68v1","mimic10","3"
"2","IgG","HONC-60 68v1",1072.8,21,"2 x 3_IgG_HONC-60 68v1","mimic10","3"
"2","IgG","HONC-60 68v2",0,0,"2 x 4_IgG_HONC-60 68v2","mimic10","4"
"2","IgG","HONC-60 68v2",27.864,4,"2 x 4_IgG_HONC-60 68v2","mimic10","4"
"2","IgG","HONC-60 68v2",27.864,6,"2 x 4_IgG_HONC-60 68v2","mimic10","4"
"2","IgG","HONC-60 68v2",64.1415,9,"2 x 4_IgG_HONC-60 68v2","mimic10","4"
"2","IgG","HONC-60 68v2",52.8275,12,"2 x 4_IgG_HONC-60 68v2","mimic10","4"
"2","IgG","HONC-60 68v2",115.649,15,"2 x 4_IgG_HONC-60 68v2","mimic10","4"
"2","IgG","HONC-60 68v2",313.088,18,"2 x 4_IgG_HONC-60 68v2","mimic10","4"
"2","IgG","HONC-60 68v2",576,21,"2 x 4_IgG_HONC-60 68v2","mimic10","4"
"3","Anti-PD1","HONC-60 68v1",0,0,"3 x 1_Anti-PD1_HONC-60 68v1","mimic10","1"
"3","Anti-PD1","HONC-60 68v1",34.344,4,"3 x 1_Anti-PD1_HONC-60 68v1","mimic10","1"
"3","Anti-PD1","HONC-60 68v1",92.778,6,"3 x 1_Anti-PD1_HONC-60 68v1","mimic10","1"
"3","Anti-PD1","HONC-60 68v1",72.8,9,"3 x 1_Anti-PD1_HONC-60 68v1","mimic10","1"
"3","Anti-PD1","HONC-60 68v1",115.6,12,"3 x 1_Anti-PD1_HONC-60 68v1","mimic10","1"
"3","Anti-PD1","HONC-60 68v1",21.888,15,"3 x 1_Anti-PD1_HONC-60 68v1","mimic10","1"
"3","Anti-PD1","HONC-60 68v1",0,18,"3 x 1_Anti-PD1_HONC-60 68v1","mimic10","1"
"3","Anti-PD1","HONC-60 68v1",0,21,"3 x 1_Anti-PD1_HONC-60 68v1","mimic10","1"
"3","Anti-PD1","HONC-60 68v2",0,0,"3 x 2_Anti-PD1_HONC-60 68v2","mimic10","2"
"3","Anti-PD1","HONC-60 68v2",32.4,4,"3 x 2_Anti-PD1_HONC-60 68v2","mimic10","2"
"3","Anti-PD1","HONC-60 68v2",43.32,6,"3 x 2_Anti-PD1_HONC-60 68v2","mimic10","2"
"3","Anti-PD1","HONC-60 68v2",73.568,9,"3 x 2_Anti-PD1_HONC-60 68v2","mimic10","2"
"3","Anti-PD1","HONC-60 68v2",73.0355,12,"3 x 2_Anti-PD1_HONC-60 68v2","mimic10","2"
"3","Anti-PD1","HONC-60 68v2",93.8825,15,"3 x 2_Anti-PD1_HONC-60 68v2","mimic10","2"
"3","Anti-PD1","HONC-60 68v2",58.5585,18,"3 x 2_Anti-PD1_HONC-60 68v2","mimic10","2"
"3","Anti-PD1","HONC-60 68v2",46.225,21,"3 x 2_Anti-PD1_HONC-60 68v2","mimic10","2"
"3","IgG","HONC-60 68v1",0,0,"3 x 3_IgG_HONC-60 68v1","mimic10","3"
"3","IgG","HONC-60 68v1",42.336,4,"3 x 3_IgG_HONC-60 68v1","mimic10","3"
"3","IgG","HONC-60 68v1",90.396,6,"3 x 3_IgG_HONC-60 68v1","mimic10","3"
"3","IgG","HONC-60 68v1",120.6285,9,"3 x 3_IgG_HONC-60 68v1","mimic10","3"
"3","IgG","HONC-60 68v1",267.1415,12,"3 x 3_IgG_HONC-60 68v1","mimic10","3"
"3","IgG","HONC-60 68v1",322.406,15,"3 x 3_IgG_HONC-60 68v1","mimic10","3"
"3","IgG","HONC-60 68v1",619.953,18,"3 x 3_IgG_HONC-60 68v1","mimic10","3"
"3","IgG","HONC-60 68v1",1932.294,21,"3 x 3_IgG_HONC-60 68v1","mimic10","3"
"1","Anti-PD1","HONC60-79 v2",0,0,"1 x 1_Anti-PD1_HONC60-79 v2","mimic11","1"
"1","Anti-PD1","HONC60-79 v2",103.518,4,"1 x 1_Anti-PD1_HONC60-79 v2","mimic11","1"
"1","Anti-PD1","HONC60-79 v2",205.408,7,"1 x 1_Anti-PD1_HONC60-79 v2","mimic11","1"
"1","Anti-PD1","HONC60-79 v2",158.8125,9,"1 x 1_Anti-PD1_HONC60-79 v2","mimic11","1"
"1","Anti-PD1","HONC60-79 v2",91.96,12,"1 x 1_Anti-PD1_HONC60-79 v2","mimic11","1"
"1","Anti-PD1","HONC60-79 v2",77.6,15,"1 x 1_Anti-PD1_HONC60-79 v2","mimic11","1"
"1","Anti-PD1","HONC60-79 v2",41.038,18,"1 x 1_Anti-PD1_HONC60-79 v2","mimic11","1"
"1","Anti-PD1","HONC60-79 v2",10.976,21,"1 x 1_Anti-PD1_HONC60-79 v2","mimic11","1"
"1","Anti-PD1","HONC60-79 v4",0,0,"1 x 2_Anti-PD1_HONC60-79 v4","mimic11","2"
"1","Anti-PD1","HONC60-79 v4",34.3,4,"1 x 2_Anti-PD1_HONC60-79 v4","mimic11","2"
"1","Anti-PD1","HONC60-79 v4",153.75,7,"1 x 2_Anti-PD1_HONC60-79 v4","mimic11","2"
"1","Anti-PD1","HONC60-79 v4",156.25,9,"1 x 2_Anti-PD1_HONC60-79 v4","mimic11","2"
"1","Anti-PD1","HONC60-79 v4",183.2335,12,"1 x 2_Anti-PD1_HONC60-79 v4","mimic11","2"
"1","Anti-PD1","HONC60-79 v4",365.625,15,"1 x 2_Anti-PD1_HONC60-79 v4","mimic11","2"
"1","Anti-PD1","HONC60-79 v4",433.84,18,"1 x 2_Anti-PD1_HONC60-79 v4","mimic11","2"
"1","Anti-PD1","HONC60-79 v4",460.876,21,"1 x 2_Anti-PD1_HONC60-79 v4","mimic11","2"
"1","IgG","HONC60-79 v2",0,0,"1 x 3_IgG_HONC60-79 v2","mimic11","3"
"1","IgG","HONC60-79 v2",2.89,4,"1 x 3_IgG_HONC60-79 v2","mimic11","3"
"1","IgG","HONC60-79 v2",137.82,7,"1 x 3_IgG_HONC60-79 v2","mimic11","3"
"1","IgG","HONC60-79 v2",45.864,9,"1 x 3_IgG_HONC60-79 v2","mimic11","3"
"1","IgG","HONC60-79 v2",228.69,12,"1 x 3_IgG_HONC60-79 v2","mimic11","3"
"1","IgG","HONC60-79 v2",506.25,15,"1 x 3_IgG_HONC60-79 v2","mimic11","3"
"1","IgG","HONC60-79 v2",591.658,18,"1 x 3_IgG_HONC60-79 v2","mimic11","3"
"1","IgG","HONC60-79 v2",1250.256,21,"1 x 3_IgG_HONC60-79 v2","mimic11","3"
"1","IgG","HONC60-79 v4",0,0,"1 x 4_IgG_HONC60-79 v4","mimic11","4"
"1","IgG","HONC60-79 v4",44.436,4,"1 x 4_IgG_HONC60-79 v4","mimic11","4"
"1","IgG","HONC60-79 v4",58.2435,7,"1 x 4_IgG_HONC60-79 v4","mimic11","4"
"1","IgG","HONC60-79 v4",102.396,9,"1 x 4_IgG_HONC60-79 v4","mimic11","4"
"1","IgG","HONC60-79 v4",249.275,12,"1 x 4_IgG_HONC60-79 v4","mimic11","4"
"1","IgG","HONC60-79 v4",451.452,15,"1 x 4_IgG_HONC60-79 v4","mimic11","4"
"1","IgG","HONC60-79 v4",449.232,18,"1 x 4_IgG_HONC60-79 v4","mimic11","4"
"1","IgG","HONC60-79 v4",787.968,21,"1 x 4_IgG_HONC60-79 v4","mimic11","4"
"2","Anti-PD1","HONC60-79 v2",0,0,"2 x 1_Anti-PD1_HONC60-79 v2","mimic11","1"
"2","Anti-PD1","HONC60-79 v2",130.6185,4,"2 x 1_Anti-PD1_HONC60-79 v2","mimic11","1"
"2","Anti-PD1","HONC60-79 v2",156.8,7,"2 x 1_Anti-PD1_HONC60-79 v2","mimic11","1"
"2","Anti-PD1","HONC60-79 v2",276.768,9,"2 x 1_Anti-PD1_HONC60-79 v2","mimic11","1"
"2","Anti-PD1","HONC60-79 v2",165.308,12,"2 x 1_Anti-PD1_HONC60-79 v2","mimic11","1"
"2","Anti-PD1","HONC60-79 v2",212.704,15,"2 x 1_Anti-PD1_HONC60-79 v2","mimic11","1"
"2","Anti-PD1","HONC60-79 v2",148.716,18,"2 x 1_Anti-PD1_HONC60-79 v2","mimic11","1"
"2","Anti-PD1","HONC60-79 v2",6.6125,21,"2 x 1_Anti-PD1_HONC60-79 v2","mimic11","1"
"2","Anti-PD1","HONC60-79 v4",0,0,"2 x 2_Anti-PD1_HONC60-79 v4","mimic11","2"
"2","Anti-PD1","HONC60-79 v4",27.744,4,"2 x 2_Anti-PD1_HONC60-79 v4","mimic11","2"
"2","Anti-PD1","HONC60-79 v4",57.434,7,"2 x 2_Anti-PD1_HONC60-79 v4","mimic11","2"
"2","Anti-PD1","HONC60-79 v4",66.792,9,"2 x 2_Anti-PD1_HONC60-79 v4","mimic11","2"
"2","Anti-PD1","HONC60-79 v4",46.19,12,"2 x 2_Anti-PD1_HONC60-79 v4","mimic11","2"
"2","Anti-PD1","HONC60-79 v4",38.232,15,"2 x 2_Anti-PD1_HONC60-79 v4","mimic11","2"
"2","Anti-PD1","HONC60-79 v4",30.2715,18,"2 x 2_Anti-PD1_HONC60-79 v4","mimic11","2"
"2","Anti-PD1","HONC60-79 v4",0,21,"2 x 2_Anti-PD1_HONC60-79 v4","mimic11","2"
"2","IgG","HONC60-79 v2",0,0,"2 x 3_IgG_HONC60-79 v2","mimic11","3"
"2","IgG","HONC60-79 v2",85.6745,4,"2 x 3_IgG_HONC60-79 v2","mimic11","3"
"2","IgG","HONC60-79 v2",111.6465,7,"2 x 3_IgG_HONC60-79 v2","mimic11","3"
"2","IgG","HONC60-79 v2",83.79,9,"2 x 3_IgG_HONC60-79 v2","mimic11","3"
"2","IgG","HONC60-79 v2",236.6,12,"2 x 3_IgG_HONC60-79 v2","mimic11","3"
"2","IgG","HONC60-79 v2",387.706,15,"2 x 3_IgG_HONC60-79 v2","mimic11","3"
"2","IgG","HONC60-79 v2",1038.8485,18,"2 x 3_IgG_HONC60-79 v2","mimic11","3"
"2","IgG","HONC60-79 v2",1382.29,21,"2 x 3_IgG_HONC60-79 v2","mimic11","3"
"2","IgG","HONC60-79 v4",0,0,"2 x 4_IgG_HONC60-79 v4","mimic11","4"
"2","IgG","HONC60-79 v4",51.842,4,"2 x 4_IgG_HONC60-79 v4","mimic11","4"
"2","IgG","HONC60-79 v4",74.6105,7,"2 x 4_IgG_HONC60-79 v4","mimic11","4"
"2","IgG","HONC60-79 v4",111.375,9,"2 x 4_IgG_HONC60-79 v4","mimic11","4"
"2","IgG","HONC60-79 v4",181.5,12,"2 x 4_IgG_HONC60-79 v4","mimic11","4"
"2","IgG","HONC60-79 v4",91.035,15,"2 x 4_IgG_HONC60-79 v4","mimic11","4"
"2","IgG","HONC60-79 v4",64,18,"2 x 4_IgG_HONC60-79 v4","mimic11","4"
"2","IgG","HONC60-79 v4",284.752,21,"2 x 4_IgG_HONC60-79 v4","mimic11","4"
"3","Anti-PD1","HONC60-79 v2",0,0,"3 x 1_Anti-PD1_HONC60-79 v2","mimic11","1"
"3","Anti-PD1","HONC60-79 v2",60.858,4,"3 x 1_Anti-PD1_HONC60-79 v2","mimic11","1"
"3","Anti-PD1","HONC60-79 v2",58.725,7,"3 x 1_Anti-PD1_HONC60-79 v2","mimic11","1"
"3","Anti-PD1","HONC60-79 v2",40.425,9,"3 x 1_Anti-PD1_HONC60-79 v2","mimic11","1"
"3","Anti-PD1","HONC60-79 v2",54.15,12,"3 x 1_Anti-PD1_HONC60-79 v2","mimic11","1"
"3","Anti-PD1","HONC60-79 v2",50.193,15,"3 x 1_Anti-PD1_HONC60-79 v2","mimic11","1"
"3","Anti-PD1","HONC60-79 v2",53.958,18,"3 x 1_Anti-PD1_HONC60-79 v2","mimic11","1"
"3","Anti-PD1","HONC60-79 v2",27.436,21,"3 x 1_Anti-PD1_HONC60-79 v2","mimic11","1"
"3","Anti-PD1","HONC60-79 v4",0,0,"3 x 2_Anti-PD1_HONC60-79 v4","mimic11","2"
"3","Anti-PD1","HONC60-79 v4",47.1495,4,"3 x 2_Anti-PD1_HONC60-79 v4","mimic11","2"
"3","Anti-PD1","HONC60-79 v4",67.76,7,"3 x 2_Anti-PD1_HONC60-79 v4","mimic11","2"
"3","Anti-PD1","HONC60-79 v4",73.96,9,"3 x 2_Anti-PD1_HONC60-79 v4","mimic11","2"
"3","Anti-PD1","HONC60-79 v4",44.8,12,"3 x 2_Anti-PD1_HONC60-79 v4","mimic11","2"
"3","Anti-PD1","HONC60-79 v4",42.194,15,"3 x 2_Anti-PD1_HONC60-79 v4","mimic11","2"
"3","Anti-PD1","HONC60-79 v4",50.7195,18,"3 x 2_Anti-PD1_HONC60-79 v4","mimic11","2"
"3","Anti-PD1","HONC60-79 v4",70.304,21,"3 x 2_Anti-PD1_HONC60-79 v4","mimic11","2"
"3","IgG","HONC60-79 v2",0,0,"3 x 3_IgG_HONC60-79 v2","mimic11","3"
"3","IgG","HONC60-79 v2",26.035,4,"3 x 3_IgG_HONC60-79 v2","mimic11","3"
"3","IgG","HONC60-79 v2",117.45,7,"3 x 3_IgG_HONC60-79 v2","mimic11","3"
"3","IgG","HONC60-79 v2",122.112,9,"3 x 3_IgG_HONC60-79 v2","mimic11","3"
"3","IgG","HONC60-79 v2",174.96,12,"3 x 3_IgG_HONC60-79 v2","mimic11","3"
"3","IgG","HONC60-79 v4",0,0,"3 x 4_IgG_HONC60-79 v4","mimic11","4"
"3","IgG","HONC60-79 v4",126.587,4,"3 x 4_IgG_HONC60-79 v4","mimic11","4"
"3","IgG","HONC60-79 v4",276.606,7,"3 x 4_IgG_HONC60-79 v4","mimic11","4"
"3","IgG","HONC60-79 v4",150.858,9,"3 x 4_IgG_HONC60-79 v4","mimic11","4"
"3","IgG","HONC60-79 v4",314.23,12,"3 x 4_IgG_HONC60-79 v4","mimic11","4"
"3","IgG","HONC60-79 v4",354.6,15,"3 x 4_IgG_HONC60-79 v4","mimic11","4"
"3","IgG","HONC60-79 v4",760.6315,18,"3 x 4_IgG_HONC60-79 v4","mimic11","4"
"3","IgG","HONC60-79 v4",1132.0155,21,"3 x 4_IgG_HONC60-79 v4","mimic11","4"
"1","Anti-PD1","HONC60-85 v2",0,0,"1 x 1_Anti-PD1_HONC60-85 v2","mimic12","1"
"1","Anti-PD1","HONC60-85 v2",31.2,5,"1 x 1_Anti-PD1_HONC60-85 v2","mimic12","1"
"1","Anti-PD1","HONC60-85 v2",93.288,9,"1 x 1_Anti-PD1_HONC60-85 v2","mimic12","1"
"1","Anti-PD1","HONC60-85 v2",67.8375,12,"1 x 1_Anti-PD1_HONC60-85 v2","mimic12","1"
"1","Anti-PD1","HONC60-85 v2",80.64,15,"1 x 1_Anti-PD1_HONC60-85 v2","mimic12","1"
"1","Anti-PD1","HONC60-85 v2",55.2,18,"1 x 1_Anti-PD1_HONC60-85 v2","mimic12","1"
"1","Anti-PD1","HONC60-85 v2",53.24,21,"1 x 1_Anti-PD1_HONC60-85 v2","mimic12","1"
"1","Anti-PD1","HONC60-85 v1",0,0,"1 x 2_Anti-PD1_HONC60-85 v1","mimic12","2"
"1","Anti-PD1","HONC60-85 v1",33.462,5,"1 x 2_Anti-PD1_HONC60-85 v1","mimic12","2"
"1","Anti-PD1","HONC60-85 v1",84.27,9,"1 x 2_Anti-PD1_HONC60-85 v1","mimic12","2"
"1","Anti-PD1","HONC60-85 v1",282.528,12,"1 x 2_Anti-PD1_HONC60-85 v1","mimic12","2"
"1","Anti-PD1","HONC60-85 v1",190.125,15,"1 x 2_Anti-PD1_HONC60-85 v1","mimic12","2"
"1","Anti-PD1","HONC60-85 v1",156.282,18,"1 x 2_Anti-PD1_HONC60-85 v1","mimic12","2"
"1","Anti-PD1","HONC60-85 v1",183.7875,21,"1 x 2_Anti-PD1_HONC60-85 v1","mimic12","2"
"1","IgG","HONC60-85 v2",0,0,"1 x 3_IgG_HONC60-85 v2","mimic12","3"
"1","IgG","HONC60-85 v2",34.102,5,"1 x 3_IgG_HONC60-85 v2","mimic12","3"
"1","IgG","HONC60-85 v2",46.2825,9,"1 x 3_IgG_HONC60-85 v2","mimic12","3"
"1","IgG","HONC60-85 v2",69.678,12,"1 x 3_IgG_HONC60-85 v2","mimic12","3"
"1","IgG","HONC60-85 v2",0,15,"1 x 3_IgG_HONC60-85 v2","mimic12","3"
"1","IgG","HONC60-85 v2",0,18,"1 x 3_IgG_HONC60-85 v2","mimic12","3"
"1","IgG","HONC60-85 v2",0,21,"1 x 3_IgG_HONC60-85 v2","mimic12","3"
"1","IgG","HONC60-85 v1",0,0,"1 x 4_IgG_HONC60-85 v1","mimic12","4"
"1","IgG","HONC60-85 v1",41.6,5,"1 x 4_IgG_HONC60-85 v1","mimic12","4"
"1","IgG","HONC60-85 v1",43.2,9,"1 x 4_IgG_HONC60-85 v1","mimic12","4"
"1","IgG","HONC60-85 v1",75.106,12,"1 x 4_IgG_HONC60-85 v1","mimic12","4"
"1","IgG","HONC60-85 v1",117,15,"1 x 4_IgG_HONC60-85 v1","mimic12","4"
"1","IgG","HONC60-85 v1",456.896,18,"1 x 4_IgG_HONC60-85 v1","mimic12","4"
"1","IgG","HONC60-85 v1",831.464,21,"1 x 4_IgG_HONC60-85 v1","mimic12","4"
"2","Anti-PD1","HONC60-85 v2",0,0,"2 x 1_Anti-PD1_HONC60-85 v2","mimic12","1"
"2","Anti-PD1","HONC60-85 v2",38.2655,5,"2 x 1_Anti-PD1_HONC60-85 v2","mimic12","1"
"2","Anti-PD1","HONC60-85 v2",133.308,9,"2 x 1_Anti-PD1_HONC60-85 v2","mimic12","1"
"2","Anti-PD1","HONC60-85 v2",5.6,12,"2 x 1_Anti-PD1_HONC60-85 v2","mimic12","1"
"2","Anti-PD1","HONC60-85 v2",0,15,"2 x 1_Anti-PD1_HONC60-85 v2","mimic12","1"
"2","Anti-PD1","HONC60-85 v2",0,18,"2 x 1_Anti-PD1_HONC60-85 v2","mimic12","1"
"2","Anti-PD1","HONC60-85 v2",0,21,"2 x 1_Anti-PD1_HONC60-85 v2","mimic12","1"
"2","Anti-PD1","HONC60-85 v1",0,0,"2 x 2_Anti-PD1_HONC60-85 v1","mimic12","2"
"2","Anti-PD1","HONC60-85 v1",55.225,5,"2 x 2_Anti-PD1_HONC60-85 v1","mimic12","2"
"2","Anti-PD1","HONC60-85 v1",123.032,9,"2 x 2_Anti-PD1_HONC60-85 v1","mimic12","2"
"2","Anti-PD1","HONC60-85 v1",73.9125,12,"2 x 2_Anti-PD1_HONC60-85 v1","mimic12","2"
"2","Anti-PD1","HONC60-85 v1",73.2305,15,"2 x 2_Anti-PD1_HONC60-85 v1","mimic12","2"
"2","Anti-PD1","HONC60-85 v1",6.6,18,"2 x 2_Anti-PD1_HONC60-85 v1","mimic12","2"
"2","Anti-PD1","HONC60-85 v1",0,21,"2 x 2_Anti-PD1_HONC60-85 v1","mimic12","2"
"2","IgG","HONC60-85 v2",0,0,"2 x 3_IgG_HONC60-85 v2","mimic12","3"
"2","IgG","HONC60-85 v2",69.819,5,"2 x 3_IgG_HONC60-85 v2","mimic12","3"
"2","IgG","HONC60-85 v2",73.568,9,"2 x 3_IgG_HONC60-85 v2","mimic12","3"
"2","IgG","HONC60-85 v2",41.984,12,"2 x 3_IgG_HONC60-85 v2","mimic12","3"
"2","IgG","HONC60-85 v2",13.4345,15,"2 x 3_IgG_HONC60-85 v2","mimic12","3"
"2","IgG","HONC60-85 v2",14.8445,18,"2 x 3_IgG_HONC60-85 v2","mimic12","3"
"2","IgG","HONC60-85 v2",0,21,"2 x 3_IgG_HONC60-85 v2","mimic12","3"
"2","IgG","HONC60-85 v1",0,0,"2 x 4_IgG_HONC60-85 v1","mimic12","4"
"2","IgG","HONC60-85 v1",25.432,5,"2 x 4_IgG_HONC60-85 v1","mimic12","4"
"2","IgG","HONC60-85 v1",34.983,9,"2 x 4_IgG_HONC60-85 v1","mimic12","4"
"2","IgG","HONC60-85 v1",52.39,12,"2 x 4_IgG_HONC60-85 v1","mimic12","4"
"2","IgG","HONC60-85 v1",152.368,15,"2 x 4_IgG_HONC60-85 v1","mimic12","4"
"2","IgG","HONC60-85 v1",167.328,18,"2 x 4_IgG_HONC60-85 v1","mimic12","4"
"2","IgG","HONC60-85 v1",274.752,21,"2 x 4_IgG_HONC60-85 v1","mimic12","4"
"3","Anti-PD1","HONC60-85 v2",0,0,"3 x 1_Anti-PD1_HONC60-85 v2","mimic12","1"
"3","Anti-PD1","HONC60-85 v2",45.63,5,"3 x 1_Anti-PD1_HONC60-85 v2","mimic12","1"
"3","Anti-PD1","HONC60-85 v2",59.976,9,"3 x 1_Anti-PD1_HONC60-85 v2","mimic12","1"
"3","Anti-PD1","HONC60-85 v2",51.6375,12,"3 x 1_Anti-PD1_HONC60-85 v2","mimic12","1"
"3","Anti-PD1","HONC60-85 v2",65.664,15,"3 x 1_Anti-PD1_HONC60-85 v2","mimic12","1"
"3","Anti-PD1","HONC60-85 v2",34.9095,18,"3 x 1_Anti-PD1_HONC60-85 v2","mimic12","1"
"3","Anti-PD1","HONC60-85 v2",7.29,21,"3 x 1_Anti-PD1_HONC60-85 v2","mimic12","1"
"3","Anti-PD1","HONC60-85 v1",0,0,"3 x 2_Anti-PD1_HONC60-85 v1","mimic12","2"
"3","Anti-PD1","HONC60-85 v1",70.632,5,"3 x 2_Anti-PD1_HONC60-85 v1","mimic12","2"
"3","Anti-PD1","HONC60-85 v1",62.974,9,"3 x 2_Anti-PD1_HONC60-85 v1","mimic12","2"
"3","Anti-PD1","HONC60-85 v1",34.422,12,"3 x 2_Anti-PD1_HONC60-85 v1","mimic12","2"
"3","Anti-PD1","HONC60-85 v1",0,15,"3 x 2_Anti-PD1_HONC60-85 v1","mimic12","2"
"3","Anti-PD1","HONC60-85 v1",0,18,"3 x 2_Anti-PD1_HONC60-85 v1","mimic12","2"
"3","Anti-PD1","HONC60-85 v1",0,21,"3 x 2_Anti-PD1_HONC60-85 v1","mimic12","2"
"3","IgG","HONC60-85 v2",0,0,"3 x 3_IgG_HONC60-85 v2","mimic12","3"
"3","IgG","HONC60-85 v2",32.1255,5,"3 x 3_IgG_HONC60-85 v2","mimic12","3"
"3","IgG","HONC60-85 v2",35.937,9,"3 x 3_IgG_HONC60-85 v2","mimic12","3"
"3","IgG","HONC60-85 v2",44.1,12,"3 x 3_IgG_HONC60-85 v2","mimic12","3"
"3","IgG","HONC60-85 v2",49.096,15,"3 x 3_IgG_HONC60-85 v2","mimic12","3"
"3","IgG","HONC60-85 v2",114.92,18,"3 x 3_IgG_HONC60-85 v2","mimic12","3"
"3","IgG","HONC60-85 v2",130.075,21,"3 x 3_IgG_HONC60-85 v2","mimic12","3"
"3","IgG","HONC60-85 v1",0,0,"3 x 4_IgG_HONC60-85 v1","mimic12","4"
"3","IgG","HONC60-85 v1",75.118,5,"3 x 4_IgG_HONC60-85 v1","mimic12","4"
"3","IgG","HONC60-85 v1",78.975,9,"3 x 4_IgG_HONC60-85 v1","mimic12","4"
"3","IgG","HONC60-85 v1",171.088,12,"3 x 4_IgG_HONC60-85 v1","mimic12","4"
"3","IgG","HONC60-85 v1",117.74,15,"3 x 4_IgG_HONC60-85 v1","mimic12","4"
"3","IgG","HONC60-85 v1",310.4,18,"3 x 4_IgG_HONC60-85 v1","mimic12","4"
"3","IgG","HONC60-85 v1",268.324,21,"3 x 4_IgG_HONC60-85 v1","mimic12","4"
"1","Anti-PD1","HONC60-84 v3",0,0,"1 x 1_Anti-PD1_HONC60-84 v3","mimic13","1"
"1","Anti-PD1","HONC60-84 v3",43.5375,4,"1 x 1_Anti-PD1_HONC60-84 v3","mimic13","1"
"1","Anti-PD1","HONC60-84 v3",25.6,6,"1 x 1_Anti-PD1_HONC60-84 v3","mimic13","1"
"1","Anti-PD1","HONC60-84 v3",82.944,9,"1 x 1_Anti-PD1_HONC60-84 v3","mimic13","1"
"1","Anti-PD1","HONC60-84 v3",25.5915,12,"1 x 1_Anti-PD1_HONC60-84 v3","mimic13","1"
"1","Anti-PD1","HONC60-84 v3",0,15,"1 x 1_Anti-PD1_HONC60-84 v3","mimic13","1"
"1","Anti-PD1","HONC60-84 v3",0,18,"1 x 1_Anti-PD1_HONC60-84 v3","mimic13","1"
"1","Anti-PD1","HONC60-84 v3",0,21,"1 x 1_Anti-PD1_HONC60-84 v3","mimic13","1"
"1","IgG","HONC60-84 v3",0,0,"1 x 2_IgG_HONC60-84 v3","mimic13","2"
"1","IgG","HONC60-84 v3",44.042,4,"1 x 2_IgG_HONC60-84 v3","mimic13","2"
"1","IgG","HONC60-84 v3",48.374,6,"1 x 2_IgG_HONC60-84 v3","mimic13","2"
"1","IgG","HONC60-84 v3",52.92,9,"1 x 2_IgG_HONC60-84 v3","mimic13","2"
"1","IgG","HONC60-84 v3",117.624,12,"1 x 2_IgG_HONC60-84 v3","mimic13","2"
"1","IgG","HONC60-84 v3",213.2275,15,"1 x 2_IgG_HONC60-84 v3","mimic13","2"
"1","IgG","HONC60-84 v3",490.05,18,"1 x 2_IgG_HONC60-84 v3","mimic13","2"
"1","IgG","HONC60-84 v3",622.104,21,"1 x 2_IgG_HONC60-84 v3","mimic13","2"
"1","IgG","HONC60-84 v4",0,0,"1 x 3_IgG_HONC60-84 v4","mimic13","3"
"1","IgG","HONC60-84 v4",15.979,4,"1 x 3_IgG_HONC60-84 v4","mimic13","3"
"1","IgG","HONC60-84 v4",56.8805,6,"1 x 3_IgG_HONC60-84 v4","mimic13","3"
"1","IgG","HONC60-84 v4",60.3,9,"1 x 3_IgG_HONC60-84 v4","mimic13","3"
"1","IgG","HONC60-84 v4",39.878,12,"1 x 3_IgG_HONC60-84 v4","mimic13","3"
"1","IgG","HONC60-84 v4",13.851,15,"1 x 3_IgG_HONC60-84 v4","mimic13","3"
"1","IgG","HONC60-84 v4",63.36,18,"1 x 3_IgG_HONC60-84 v4","mimic13","3"
"1","IgG","HONC60-84 v4",75.6315,21,"1 x 3_IgG_HONC60-84 v4","mimic13","3"
"1","Anti-PD1","HONC60-84 v4",0,0,"1 x 4_Anti-PD1_HONC60-84 v4","mimic13","4"
"1","Anti-PD1","HONC60-84 v4",22.05,4,"1 x 4_Anti-PD1_HONC60-84 v4","mimic13","4"
"1","Anti-PD1","HONC60-84 v4",51.984,6,"1 x 4_Anti-PD1_HONC60-84 v4","mimic13","4"
"1","Anti-PD1","HONC60-84 v4",97.6875,9,"1 x 4_Anti-PD1_HONC60-84 v4","mimic13","4"
"1","Anti-PD1","HONC60-84 v4",199.8045,12,"1 x 4_Anti-PD1_HONC60-84 v4","mimic13","4"
"1","Anti-PD1","HONC60-84 v4",71.811,15,"1 x 4_Anti-PD1_HONC60-84 v4","mimic13","4"
"1","Anti-PD1","HONC60-84 v4",188.1225,18,"1 x 4_Anti-PD1_HONC60-84 v4","mimic13","4"
"1","Anti-PD1","HONC60-84 v4",351.6215,21,"1 x 4_Anti-PD1_HONC60-84 v4","mimic13","4"
"2","Anti-PD1","HONC60-84 v3",0,0,"2 x 1_Anti-PD1_HONC60-84 v3","mimic13","1"
"2","Anti-PD1","HONC60-84 v3",27.38,4,"2 x 1_Anti-PD1_HONC60-84 v3","mimic13","1"
"2","Anti-PD1","HONC60-84 v3",52.038,6,"2 x 1_Anti-PD1_HONC60-84 v3","mimic13","1"
"2","Anti-PD1","HONC60-84 v3",39.2,9,"2 x 1_Anti-PD1_HONC60-84 v3","mimic13","1"
"2","Anti-PD1","HONC60-84 v3",55.016,12,"2 x 1_Anti-PD1_HONC60-84 v3","mimic13","1"
"2","Anti-PD1","HONC60-84 v3",35.0765,15,"2 x 1_Anti-PD1_HONC60-84 v3","mimic13","1"
"2","Anti-PD1","HONC60-84 v3",67.3745,18,"2 x 1_Anti-PD1_HONC60-84 v3","mimic13","1"
"2","Anti-PD1","HONC60-84 v3",62.422,21,"2 x 1_Anti-PD1_HONC60-84 v3","mimic13","1"
"2","IgG","HONC60-84 v3",0,0,"2 x 2_IgG_HONC60-84 v3","mimic13","2"
"2","IgG","HONC60-84 v3",20.25,4,"2 x 2_IgG_HONC60-84 v3","mimic13","2"
"2","IgG","HONC60-84 v3",91.6735,6,"2 x 2_IgG_HONC60-84 v3","mimic13","2"
"2","IgG","HONC60-84 v3",54.756,9,"2 x 2_IgG_HONC60-84 v3","mimic13","2"
"2","IgG","HONC60-84 v3",25.6,12,"2 x 2_IgG_HONC60-84 v3","mimic13","2"
"2","IgG","HONC60-84 v3",0,15,"2 x 2_IgG_HONC60-84 v3","mimic13","2"
"2","IgG","HONC60-84 v3",0,18,"2 x 2_IgG_HONC60-84 v3","mimic13","2"
"2","IgG","HONC60-84 v3",0,21,"2 x 2_IgG_HONC60-84 v3","mimic13","2"
"2","IgG","HONC60-84 v4",0,0,"2 x 3_IgG_HONC60-84 v4","mimic13","3"
"2","IgG","HONC60-84 v4",71.7925,4,"2 x 3_IgG_HONC60-84 v4","mimic13","3"
"2","IgG","HONC60-84 v4",45.662,6,"2 x 3_IgG_HONC60-84 v4","mimic13","3"
"2","IgG","HONC60-84 v4",102.3435,9,"2 x 3_IgG_HONC60-84 v4","mimic13","3"
"2","IgG","HONC60-84 v4",32.1715,12,"2 x 3_IgG_HONC60-84 v4","mimic13","3"
"2","IgG","HONC60-84 v4",30.752,15,"2 x 3_IgG_HONC60-84 v4","mimic13","3"
"2","IgG","HONC60-84 v4",100.842,18,"2 x 3_IgG_HONC60-84 v4","mimic13","3"
"2","IgG","HONC60-84 v4",165.3475,21,"2 x 3_IgG_HONC60-84 v4","mimic13","3"
"2","Anti-PD1","HONC60-84 v4",0,0,"2 x 4_Anti-PD1_HONC60-84 v4","mimic13","4"
"2","Anti-PD1","HONC60-84 v4",21.2355,4,"2 x 4_Anti-PD1_HONC60-84 v4","mimic13","4"
"2","Anti-PD1","HONC60-84 v4",223.925,6,"2 x 4_Anti-PD1_HONC60-84 v4","mimic13","4"
"2","Anti-PD1","HONC60-84 v4",67.4885,9,"2 x 4_Anti-PD1_HONC60-84 v4","mimic13","4"
"2","Anti-PD1","HONC60-84 v4",10.051,12,"2 x 4_Anti-PD1_HONC60-84 v4","mimic13","4"
"2","Anti-PD1","HONC60-84 v4",0,15,"2 x 4_Anti-PD1_HONC60-84 v4","mimic13","4"
"2","Anti-PD1","HONC60-84 v4",0,18,"2 x 4_Anti-PD1_HONC60-84 v4","mimic13","4"
"2","Anti-PD1","HONC60-84 v4",0,21,"2 x 4_Anti-PD1_HONC60-84 v4","mimic13","4"
"3","Anti-PD1","HONC60-84 v3",0,0,"3 x 1_Anti-PD1_HONC60-84 v3","mimic13","1"
"3","Anti-PD1","HONC60-84 v3",36.8,4,"3 x 1_Anti-PD1_HONC60-84 v3","mimic13","1"
"3","Anti-PD1","HONC60-84 v3",78.4195,6,"3 x 1_Anti-PD1_HONC60-84 v3","mimic13","1"
"3","Anti-PD1","HONC60-84 v3",103.243,9,"3 x 1_Anti-PD1_HONC60-84 v3","mimic13","1"
"3","Anti-PD1","HONC60-84 v3",82.026,12,"3 x 1_Anti-PD1_HONC60-84 v3","mimic13","1"
"3","Anti-PD1","HONC60-84 v3",233.289,15,"3 x 1_Anti-PD1_HONC60-84 v3","mimic13","1"
"3","Anti-PD1","HONC60-84 v3",259.4745,18,"3 x 1_Anti-PD1_HONC60-84 v3","mimic13","1"
"3","Anti-PD1","HONC60-84 v3",158.8125,21,"3 x 1_Anti-PD1_HONC60-84 v3","mimic13","1"
"3","IgG","HONC60-84 v3",0,0,"3 x 2_IgG_HONC60-84 v3","mimic13","2"
"3","IgG","HONC60-84 v3",42.527,4,"3 x 2_IgG_HONC60-84 v3","mimic13","2"
"3","IgG","HONC60-84 v3",39.2,6,"3 x 2_IgG_HONC60-84 v3","mimic13","2"
"3","IgG","HONC60-84 v3",80.19,9,"3 x 2_IgG_HONC60-84 v3","mimic13","2"
"3","IgG","HONC60-84 v3",106.624,12,"3 x 2_IgG_HONC60-84 v3","mimic13","2"
"3","IgG","HONC60-84 v3",119.422,15,"3 x 2_IgG_HONC60-84 v3","mimic13","2"
"3","IgG","HONC60-84 v3",178.596,18,"3 x 2_IgG_HONC60-84 v3","mimic13","2"
"3","IgG","HONC60-84 v3",612.5625,21,"3 x 2_IgG_HONC60-84 v3","mimic13","2"
"3","Anti-PD1","HONC60-84 v4",0,0,"3 x 3_IgG_HONC60-84 v4","mimic13","3"
"3","Anti-PD1","HONC60-84 v4",6.615,4,"3 x 3_IgG_HONC60-84 v4","mimic13","3"
"3","Anti-PD1","HONC60-84 v4",34.596,6,"3 x 3_IgG_HONC60-84 v4","mimic13","3"
"3","Anti-PD1","HONC60-84 v4",57.038,9,"3 x 3_IgG_HONC60-84 v4","mimic13","3"
"3","Anti-PD1","HONC60-84 v4",29.008,12,"3 x 3_IgG_HONC60-84 v4","mimic13","3"
"3","Anti-PD1","HONC60-84 v4",5.491,15,"3 x 3_IgG_HONC60-84 v4","mimic13","3"
"3","Anti-PD1","HONC60-84 v4",35.525,18,"3 x 3_IgG_HONC60-84 v4","mimic13","3"
"3","Anti-PD1","HONC60-84 v4",62.422,21,"3 x 3_IgG_HONC60-84 v4","mimic13","3"
"3","Anti-PD1","HONC60-84 v4",0,0,"3 x 4_Anti-PD1_HONC60-84 v4","mimic13","4"
"3","Anti-PD1","HONC60-84 v4",21.6,4,"3 x 4_Anti-PD1_HONC60-84 v4","mimic13","4"
"3","Anti-PD1","HONC60-84 v4",57.798,6,"3 x 4_Anti-PD1_HONC60-84 v4","mimic13","4"
"3","Anti-PD1","HONC60-84 v4",79.904,9,"3 x 4_Anti-PD1_HONC60-84 v4","mimic13","4"
"3","Anti-PD1","HONC60-84 v4",331.298,12,"3 x 4_Anti-PD1_HONC60-84 v4","mimic13","4"
"3","Anti-PD1","HONC60-84 v4",448.056,15,"3 x 4_Anti-PD1_HONC60-84 v4","mimic13","4"
"3","Anti-PD1","HONC60-84 v4",569.492,18,"3 x 4_Anti-PD1_HONC60-84 v4","mimic13","4"
"3","Anti-PD1","HONC60-84 v4",16.224,21,"3 x 4_Anti-PD1_HONC60-84 v4","mimic13","4"
